name	country	population
'Ajlun	JO	125557
'Akra	IQ	105370
'Ibri	OM	163473
's-Hertogenbosch	NL	160783
6th of October City	EG	368650
A Coruna	ES	250438
Aachen	DE	265208
Aalborg	DK	142937
Aba	NG	1160000
Abadan	IR	231476
Abaetetuba	BR	158188
Abakaliki	NG	134102
Abakan	RU	184168
Abbotsford	CA	141397
Abbottabad	PK	275890
Abeche	TD	139983
Abengourou	CI	130810
Abeokuta	NG	735000
Aberdeen	GB	198590
Aberdeen	HK	157400
Abha	SA	210886
Abidjan	CI	6321017
Abiko	JP	131771
Abnub	EG	111785
Abobo	CI	1340083
Abohar	IN	145302
Abomey	BJ	117824
Abomey-Calavi	BJ	385755
Abreu e Lima	BR	104248
Abu Dhabi	AE	1807000
Abu Gharaq	IQ	108212
Abu Ghurayb	IQ	900000
Abu Kabir	EG	154466
Abu Tij	EG	105418
Abu al-Kahsib	IQ	357771
Abuja	NG	2690000
Acailandia	BR	110611
Acapulco de Juarez	MX	658609
Acarigua	VE	188278
Accra	GH	1963264
Achalpur	IN	112311
Acheng	CN	144665
Achinsk	RU	117634
Acilia-Castel Fusano-Ostia Antica	IT	129362
Ad-Damazin	SD	186051
Ad-Damir	SD	103941
Ad-Dawahy	EG	148624
Adachi	JP	695043
Adana	TR	1816750
Adapazari	TR	286787
Addis Ababa	ET	3860000
Adelaide	AU	1469163
Aden	YE	1079670
Adigrat	ET	121800
Adilabad	IN	118526
Adiwerna	ID	134188
Adiyaman	TR	290883
Admiralteisky	RU	157897
Ado-Ekiti	NG	435000
Adoni	IN	184625
Afyonkarahisar	TR	251799
Agadez	NE	149549
Agadir	MA	698310
Agartala	IN	400004
Agege	NG	683600
Ageo	JP	226940
Agra	IN	1430055
Agri	TR	124483
Aguas Claras	BR	128486
Aguas Lindas de Goias	BR	245352
Aguascalientes	MX	722250
Ahar	IR	100641
Ahilyanagar	IN	367140
Ahmadpur East	PK	196718
Ahmedabad	IN	6357693
Ahuntsic-Cartierville	CA	135336
Ahvaz	IR	841145
Aihara	JP	725493
Aihui	CN	192764
Ain Beida	DZ	116064
Airoli	IN	100000
Ait Melloul	MA	187652
Aix-en-Provence	FR	146821
Aizawl	IN	293416
Aizu-Wakamatsu	JP	118159
Ajapnyak	AM	122800
Ajax	CA	119677
Ajdabiya	LY	131773
Ajegunle	NG	550000
Ajman	AE	490035
Ajmer	IN	542321
Akademicheskoe	RU	103304
Akashi	JP	303601
Akhmim	EG	151430
Akishima	JP	113949
Akita	JP	307672
Akola	IN	428857
Akowonjo	NG	308900
Aksaray	TR	327575
Aktau	KZ	147443
Aktobe	KZ	500757
Akure	NG	730000
Al 'Amarah	IQ	323302
Al 'Ashir min Ramadan	EG	246148
Al Ahmadi	KW	637411
Al Ain City	AE	846747
Al Ajaylat	LY	130546
Al Bab	SY	130745
Al Bayda'	LY	129439
Al Diwaniyah	IQ	318801
Al Fallujah	IQ	190159
Al Fashn	EG	112999
Al Faw	IQ	104569
Al Fayyum	EG	519047
Al Fqih Ben Calah	MA	111402
Al Hasakah	SY	422445
Al Hawamidiyah	EG	155055
Al Hillah	IQ	455700
Al Hindiyah	IQ	139578
Al Hoceima	MA	395644
Al Hudaydah	YE	734699
Al Hufuf	SA	293179
Al Jadid	LY	126386
Al Jubayl	SA	237274
Al Jumayl	LY	102000
Al Kharj	SA	425300
Al Khums	LY	201943
Al Khusus	EG	488904
Al Madinah	IQ	255000
Al Mahallah al Kubra	EG	592573
Al Mahmudiyah	IQ	350000
Al Majaz	AE	116503
Al Manaqil	SD	128297
Al Mansurah	EG	621953
Al Manzalah	EG	127394
Al Matariyah	EG	162045
Al Mawsil al Jadidah	IQ	2065597
Al Miqdadiyah	IQ	155968
Al Mubarraz	SA	290802
Al Muharraq	BH	176583
Al Qadarif	SD	363945
Al Qahirah al Jadidah	EG	313139
Al Qamishli	SY	184231
Al Qurnah	IQ	134174
Al'met'yevsk	RU	140437
Al-'Ubur	EG	138987
Al-Junaynah	SD	162981
Al-Kut	IQ	315162
Al-Musayab	IQ	101873
Ala'er	CN	126259
Alagoinhas	BR	161196
Alamar	CU	100000
Alandur	IN	164430
Alanya	TR	364180
Alappuzha	IN	240991
Alasia	NG	100000
Albacete	ES	173050
Alberton	ZA	121536
Alcala de Henares	ES	193751
Alchevsk	UA	106062
Alcobendas	ES	116037
Alcorcon	ES	172384
Aleppo	SY	2098210
Alexandra	ZA	179624
Alexandria	EG	5263542
Aley	LB	130000
Algeciras	ES	121414
Algiers	DZ	2364230
Aliayabiagba	NG	228000
Alicante	ES	348901
Aligarh	IN	753207
Alimosho	NG	308290
Almaty	KZ	1977011
Almendares	CU	240000
Almere Stad	NL	176432
Almeria	ES	196851
Almirante Tamandare	BR	119825
Alor Setar	MY	417800
Altamira	BR	138749
Alto Barinas	VE	284289
Alto Hospicio	CL	142086
Altona	DE	250192
Alvaro Obregon	MX	726664
Alvorada	BR	187315
Alwar	IN	322568
Amadora	PT	178858
Amagasaki	JP	459593
Amaigbo	NG	127300
Amanfrom	GH	119467
Amarapura	MM	237618
Amaravati	IN	103000
Amasya	TR	114921
Ambala	IN	195153
Ambala Sadar	IN	104974
Ambarnath	IN	253475
Ambato	EC	387309
Ambattur	IN	466205
Ambikapur	IN	121071
Ambon	ID	347288
Ambur	IN	114608
Americana	BR	246655
Amersfoort	NL	139914
Amiens	FR	143086
Amman	JO	1275857
Amol	IR	237528
Ampang	MY	126285
Amravati	IN	647057
Amreli	IN	117967
Amritsar	IN	1159227
Amroha	IN	176253
Amsterdam	NL	741636
Amsterdam Nieuw-West	NL	151677
Amsterdam-Oost	NL	135767
Amsterdam-West	NL	143842
Amsterdam-Zuid	NL	144432
An Nhon	VN	308396
An Nu'maniyah	IQ	110000
An Nuhud	SD	108008
Anaco	VE	139397
Anand	IN	209410
Ananindeua	BR	535547
Anantapur	IN	267161
Anantnag	IN	150592
Anapolis	BR	319587
Anbu	CN	162964
Anda	CN	181271
Anderlecht	BE	160553
Andijon	UZ	747800
Andimeshk	IR	135116
Andisheh	IR	116062
Andong	KR	153348
Ang Mo Kio New Town	SG	159340
Angarsk	RU	243158
Angeles City	PH	483452
Angers	FR	168279
Angoche	MZ	104540
Angono	PH	134975
Angra dos Reis	BR	179120
Angren	UZ	191300
Anjo	JP	188693
Ankang	CN	870126
Ankara	TR	3517182
Anliu	CN	115560
Ann	MM	119714
Annaba	DZ	342703
Anning	CN	106795
Anqing	CN	804493
Anqiu	CN	364208
Ansan-si	KR	623256
Anshan	CN	3325372
Anshun	CN	765313
Antakya	TR	399045
Antalya	TR	1335002
Antananarivo	MG	1349501
Antipolo	PH	913712
Antofagasta	CL	401096
Antsirabe	MG	260907
Antsiranana	MG	136959
Antwerp	BE	529247
Anyama	CI	133905
Anyang	CN	1146839
Anyang-si	KR	595644
Aomori	JP	298394
Apalit	PH	121057
Aparecida de Goiania	BR	527796
Apatzingan	MX	102362
Apeldoorn	NL	136670
Apopa	SV	112158
Apucarana	BR	134910
Aqsu	CN	535657
Ar Ramtha	JO	155693
Ar Raqqah	SY	531952
Ar Rayyan	QA	272465
Ar Rifa'	BH	115495
Arabi	ET	148933
Arabkir	AM	119300
Aracaju	BR	664908
Aracatuba	BR	208415
Arad	RO	169065
Araguaina	BR	183024
Araguari	BR	117808
Arak	IR	503647
Arakawa	JP	216900
Arapiraca	BR	243906
Arapongas	BR	124838
Arar	SA	148540
Araraquara	BR	168468
Araras	BR	135744
Araruama	BR	137906
Araucaria	BR	162247
Araure	VE	181820
Araxa	BR	118786
Arba Minch	ET	201000
Arcahaie	HT	130306
Archway	GB	215667
Ardabil	IR	410753
Arequipa	PE	1195700
Arezzo	IT	100734
Arganzuela	ES	148797
Argenteuil	FR	101475
Arhus	DK	285273
Arica	CL	241653
Arif Wala	PK	157063
Arifwala	PK	854462
Arish	EG	199243
Arjawinangun	ID	105845
Arkhangel'sk	RU	349742
Arlit	NE	106448
Armavir	RU	199548
Armenia	CO	304314
Arnavutkoey	TR	198165
Arnhem	NL	162424
Arrah	IN	261430
Arroyo Naranjo	CU	210053
Arsuz	TR	109550
Artem	RU	102300
Artur Alvim	BR	104864
Artux	CN	285000
Arusha	TZ	617631
Aryanah	TN	114486
Arzamas	RU	109479
As Salimiyah	KW	147649
As Salt	JO	107874
As Samawah	IQ	152890
As Sinbillawayn	EG	124020
As Suwayq	OM	107143
Asahikawa	JP	333530
Asaka	JP	141083
Asansol	IN	504271
Asela	ET	139500
Ash Sharqat	IQ	160000
Ash Shatrah	IQ	182175
Ashaiman	GH	190972
Ashdod	IL	226838
Ashgabat	TM	1030063
Ashikaga	JP	144746
Ashkelon	IL	144073
Ashmun	EG	124483
Ashoknagar Kalyangarh	IN	111475
Ashuganj City	BD	210356
Asmara	ER	563930
Assis	BR	104858
Assiut	EG	528669
Astana	KZ	1544142
Astanajapura	ID	148047
Astrakhan	RU	533925
Asuncion	PY	1482200
Aswan	EG	379774
Atani	NG	230000
Atasehir	TR	361615
Atbara	SD	112021
Athens	GR	664046
Athlone	ZA	237414
Atibaia	BR	158647
Atsiaman	GH	202932
Atsugi	JP	223960
Attock City	PK	141945
Atyrau	KZ	290700
Auckland	NZ	1547200
Augsburg	DE	301105
Aurangabad	IN	1175116
Aurangabad	IN	102244
Avadi	IN	345996
Avellaneda	AR	367554
Avtozavodskyi	UA	157382
Awasa	ET	422200
Awka	NG	167738
Ayacucho	PE	140033
Aydin	TR	163022
Az Zawiyah	LY	200000
Az Zubayr	IQ	122676
Az Zulfi	SA	125000
Az-Zuhur	EG	266381
Azamgarh	IN	116644
Azare	NG	105687
Azcapotzalco	MX	414711
Ba Dinh	VN	221893
Ba GJon	VN	106413
Ba Vi	VN	282600
Bab Ezzouar	DZ	275630
Babol	IR	202796
Bac Giang	VN	450000
Bac Lieu	VN	156110
Bac Ninh	VN	287658
Bac Quang	VN	118690
Bac Tu Liem	VN	340605
Bacabal	BR	107755
Bacau	RO	136087
Bachuan	CN	208520
Bacolod City	PH	454898
Bacoor	PH	356974
Badajoz	ES	150530
Badalona	ES	217741
Bade	TW	209148
Badin	PK	117455
Badlapur	IN	174226
Bafoussam	CM	373268
Bagaha	IN	112634
Bagalkot	IN	111933
Bagcilar	TR	740069
Bage	BR	121335
Bagerhat	BD	266388
Baghdad	IQ	7216000
Baghlan	AF	108449
Bago	MM	244376
Bago City	PH	192993
Bagong Silang	PH	261729
Bagong Silangan	PH	106886
Bagram	AF	113173
Baguio	PH	272714
Bahadurgarh	IN	170767
Baharampur	IN	180547
Baharestan	IR	106433
Baharkah	IQ	130518
Bahawalnagar	PK	241873
Bahawalnagar	PK	241873
Bahawalpur	PK	903795
Bahcelievler	TR	576799
Bahia Blanca	AR	299101
Bahir Dar	ET	350000
Bahraigh	IN	182218
Baia Farta	AO	107841
Baia Mare	RO	108759
Baicheng	CN	316970
Baidoa	SO	129839
Baidyabati	IN	115504
Bairro da Penha	BR	117691
Baise	CN	686078
Baisha	CN	115761
Baishan	CN	183880
Baiyin	CN	294400
Baku	AZ	2351300
Bakwa	CD	100575
Balakovo	RU	199572
Balashikha	RU	150103
Balasore	IN	144373
Balbala	DJ	554350
Balcon de la Lisa	CU	147415
Bali	IN	296973
Balikesir	TR	238151
Balikpapan	ID	695287
Baliuag	PH	135679
Balkh	AF	114883
Ballarat	AU	111973
Ballari	IN	410445
Balneario Camboriu	BR	139155
Balombo	AO	108965
Balsas	BR	105974
Balti	MD	125000
Balurghat	IN	153279
Balvanera	AR	152198
Bama	NG	118121
Bamako	ML	4227569
Bamenda	CM	420445
Ban I Chang	TH	119858
Ban Khlong Prawet	TH	160671
Ban Samae Dam	TH	125133
Banan	CN	508703
Banda	IN	152218
Banda Aceh	ID	267962
Bandar Abbas	IR	352173
Bandar Bukit Raja	MY	146534
Bandar Lampung	ID	1166066
Bandar Mahkota Cheras	MY	100000
Bandar Seri Alam	MY	220000
Bandar Sunway	MY	200000
Bandar Tasik Puteri	MY	150000
Bandar Utama	MY	200000
Bandar-e Anzali	IR	118564
Bandar-e Mahshahr	IR	162797
Bandirma	TR	107631
Bandundu Province	CD	202904
Bandung	ID	2528163
Baneh	IR	110218
Banfora	BF	117452
Bang Bon	TH	105161
Bang Kapi	TH	147800
Bang Khae	TH	193002
Bang Khun Thian	TH	165491
Bang Sue	TH	125440
Bangaon	IN	111693
Bangkok	TH	5104476
Bangkok Noi	TH	117793
Bangui	CF	812407
Banha	EG	182254
Bani Mazar	EG	115759
Bani Suwayf	EG	273151
Banja Luka	BA	221106
Banjar	ID	209791
Banjaran	ID	164952
Banjarbaru	ID	293332
Banjarmasin	ID	657663
Bankura	IN	133966
Bannu	PK	1357890
Banqiao	TW	551221
Bansbaria	IN	108474
Banswara	IN	101017
Banyuwangi	ID	117558
Bao Loc	VN	170920
Bao'an	CN	4476554
Bao'an Centre	CN	120170
Baoding	CN	2739887
Baoji	CN	1437802
Baoshan	CN	2265900
Baoshan	CN	935618
Baoshan	CN	123791
Baotou	CN	2761700
Baqubah	IQ	152550
Barakaldo	ES	100435
Baraki	DZ	105402
Barakpur	IN	148174
Baran	IN	117992
Baranagar	IN	260072
Baranovichi	BY	170039
Barasat	IN	298127
Barbacena	BR	125317
Barcarena	BR	139076
Barcelona	ES	1686208
Barcelona	VE	815141
Barddhaman	IN	301725
Bareilly	IN	745435
Bari	IT	316491
Bariadi	TZ	260927
Barinas	VE	397279
Baripada	IN	116849
Barishal	BD	202242
Barking	GB	218534
Barnala	IN	116449
Barnaul	RU	632372
Barquisimeto	VE	1240714
Barra Mansa	BR	181679
Barra da Tijuca	BR	421438
Barra do Pirai	BR	100764
Barrancabermeja	CO	191403
Barranquilla	CO	1206319
Barreiras	BR	171634
Barretos	BR	126957
Barrie	CA	147829
Barshi	IN	118722
Barueri	BR	316473
Baruta	VE	244216
Barysaw	BY	133700
Basaksehir	TR	193750
Basel	CH	177595
Bashan	CN	103748
Basildon	GB	144859
Basingstoke	GB	107642
Basirhat City	IN	143007
Basrah	IQ	1326564
Basti	IN	115115
Basuo	CN	444458
Bat Yam	IL	129012
Bata	GQ	173046
Batala	IN	158621
Batam	ID	1296960
Batang	ID	139492
Batangas	PH	237370
Bataysk	RU	109962
Bath	GB	101557
Bathinda	IN	285788
Batikent	TR	300000
Batman	TR	452157
Batna	DZ	289504
Battagram	PK	700000
Battambang	KH	119251
Batu	ID	225408
Batu Caves	MY	254083
Batu Pahat	MY	156236
Batumi	GE	186949
Baturaja	ID	134759
Baubau	ID	161280
Bauchi	NG	693700
Bauru	BR	392947
Bawshar	OM	383257
Bayambang	PH	129506
Bayamo	CU	192632
Bayamon	PR	203499
Bayan Lepas	MY	130455
Bayan Nur	CN	1760000
Bayawan	PH	126744
Bayji	IQ	173677
Bayugan	PH	110313
Bazhong	CN	2712894
Beau Bassin-Rose Hill	MU	111355
Beawar	IN	151152
Bechar	DZ	165241
Becontree	GB	100000
Bedford	GB	106940
Bedok New Town	SG	276990
Beed	IN	146709
Beersheba	IL	186600
Begoua	CF	264067
Begusarai	IN	252008
Behbahan	IR	122604
Bei'an	CN	436444
Beibei	CN	247702
Beihai	CN	525329
Beijing	CN	18960744
Beiliu	CN	199769
Beining	CN	152033
Beipiao	CN	190315
Beira	MZ	687764
Beirut	LB	1916100
Bejaia	DZ	176139
Bekasi	ID	2648272
Belagavi	IN	490045
Belawan	ID	102707
Belem	BR	1499641
Belfast	GB	348005
Belford Roxo	BR	518384
Belgorod	RU	345289
Belgrade	RS	1273651
Belgrano	AR	138942
Bella Vista	DO	175683
Bello	CO	392939
Belo Horizonte	BR	2721564
Bemowo	PL	123932
Ben Cat	VN	364578
Ben Tre	VN	124449
Bender	MD	110175
Bendigo	AU	103034
Benfica	AO	191828
Bengaluru	IN	8495492
Bengbu	CN	972784
Benghazi	LY	757490
Bengkulu	ID	397321
Benguela	AO	555124
Beni	CD	140731
Beni Mellal	MA	210397
Benin City	NG	1782000
Benito Juarez	MX	385439
Benito Juarez	MX	355017
Benoni	ZA	605344
Bento Goncalves	BR	127977
Benxi	CN	865215
Beppu	JP	122643
Berazategui	AR	180523
Berbera	SO	242344
Berberati	CF	103713
Bercham	MY	150000
Berdyansk	UA	106311
Berezniki	RU	167748
Bergamo	IT	121200
Bergedorf	DE	119665
Bergen	NO	294029
Bergisch Gladbach	DE	106184
Berkane	MA	119284
Berlin	DE	3426354
Bern	CH	121631
Berrechid	MA	149201
Bertoua	CM	137993
Besancon	FR	128426
Bet Shemesh	IL	124957
Betim	BR	384000
Bettiah	IN	132209
Betul	IN	103330
Bexley	GB	228000
Beylikduezue	TR	415290
Bhadrak	IN	121338
Bhadravati	IN	163903
Bhadreswar	IN	121662
Bhagalpur	IN	400146
Bhairab Bazar	BD	105457
Bhakkar	PK	131658
Bhalswa Jahangirpur	IN	197148
Bharatpur	NP	369377
Bharatpur	IN	252838
Bharuch	IN	169007
Bhatara	BD	324300
Bhatpara	IN	483129
Bhavnagar	IN	605882
Bhawana	PK	373841
Bhayandar	IN	809378
Bhetia	IN	174355
Bhilai	IN	627734
Bhilwara	IN	359483
Bhimavaram	IN	146961
Bhind	IN	197585
Bhisho	ZA	137287
Bhiwadi	IN	104921
Bhiwandi	IN	874032
Bhiwani	IN	196057
Bhopal	IN	1798218
Bhubaneswar	IN	885363
Bhuj	IN	148834
Bhusawal	IN	187421
Bialoleka	PL	129106
Bialystok	PL	295683
Bibirevo	RU	159000
Bida	NG	400000
Bidar	IN	216020
Bielany	PL	131910
Bielefeld	DE	331906
Bielsko-Biala	PL	176515
Bien Hoa	VN	1272235
Bihar Sharif	IN	297268
Bijie	CN	1137383
Bikaner	IN	644406
Bila Tserkva	UA	207273
Bilaspur	IN	365579
Bilbao	ES	347342
Bilbeis	EG	185237
Bilimora	IN	510879
Bilqas	EG	137080
Bima	ID	165113
Bimbo	CF	348802
Binan	PH	300000
Binangonan	PH	219204
Bingoel	TR	128935
Binh Thanh	VN	552164
Binh Thuy	VN	113565
Binjai	ID	279302
Bintulu	MY	151617
Binzhou	CN	682717
Biratnagar	NP	244750
Birendranagar	NP	154886
Birganj	NP	268273
Birigui	BR	123340
Birjand	IR	196982
Birkenhead	GB	325264
Birmingham	GB	1157603
Birnin Kebbi	NG	108164
Biryulevo	RU	144000
Bishah	SA	115537
Bishan	CN	204702
Bishkek	KG	900000
Bishoftu	ET	207400
Biskra	DZ	204661
Bissau	GW	439704
Bitung	ID	225134
Biysk	RU	215430
Bizerte	TN	138430
Blackburn	GB	146521
Blackpool	GB	145007
Blagoveshchensk	RU	225091
Blantyre	MW	902588
Blida	DZ	331779
Blitar	ID	161204
Bloemfontein	ZA	556637
Blumenau	BR	361261
Bnei Brak	IL	214444
Bo	SL	233684
Bo GJe	VN	120028
Boa Vista	BR	419652
Bobo-Dioulasso	BF	904920
Bobruysk	BY	205502
Bochum	DE	385729
Bocoio	AO	164685
Bogor	ID	1078351
Bogorodskoye	RU	103000
Bogota	CO	7674366
Bogra	BD	210000
Bohuniya	UA	147324
Bojnurd	IR	192041
Bokaro	IN	564319
Bokhtar	TJ	110800
Boksburg	ZA	445168
Bole	CN	235585
Bologna	IT	394843
Bolton	GB	141331
Bolu	TR	184682
Bolzano	IT	107436
Boma	CD	297009
Bondoukou	CI	141568
Bonn	DE	330579
Bonon	CI	119938
Bontang	ID	194606
Borama	SO	597842
Borazjan	IR	110567
Bordeaux	FR	265328
Bordj Bou Arreridj	DZ	158812
Bordj el Kiffan	DZ	123246
Borivli	IN	609617
Bornova	TR	452479
Borshchahivka	UA	179900
Borujerd	IR	251958
Boshan	CN	153596
Bosque Saude	BR	128469
Botad	IN	130327
Botshabelo	ZA	309714
Bottrop	DE	119909
Botucatu	BR	145155
Bou Saada	DZ	111787
Bouafle	CI	104209
Bouake	CI	832371
Boulogne-Billancourt	FR	108782
Bournemouth	GB	163600
Bouskoura	MA	112501
Boyeros	CU	188593
Bozhou	CN	1409436
Bradford	GB	366187
Braga	PT	193324
Braganca	BR	132489
Braganca Paulista	BR	176811
Brahmanbaria	BD	264326
Brahmapur	IN	356598
Braila	RO	154686
Brakpan	ZA	305692
Brampton	CA	656480
Brantford	CA	104688
Brasilandia	BR	243273
Brasilia	BR	2207718
Brasov	RO	253200
Brateyevo	RU	102000
Bratislava	SK	423737
Bratsk	RU	256600
Braunschweig	DE	244715
Brazzaville	CG	1982000
Breda	NL	184126
Bremen	DE	546501
Bremerhaven	DE	118610
Brent	GB	329100
Brescia	IT	200423
Brest	BY	347138
Brest	FR	144899
Breves	BR	116058
Brighton	GB	283870
Brisbane	AU	2780063
Bristol	GB	479024
Brits	ZA	122497
Brno	CZ	404296
Brovary	UA	109806
Brugge	BE	118509
Brusque	BR	155307
Brussels	BE	1019022
Bryansk	RU	427236
Bucaramanga	CO	581130
Bucharest	RO	1877155
Bucheon-si	KR	850731
Buda	HU	510108
Budapest	HU	1741041
Budapest III. keruelet	HU	123723
Budapest XI. keruelet	HU	139049
Budapest XIII. keruelet	HU	113531
Budaun	IN	161555
Budta	PH	1273715
Buea	CM	140533
Buenaventura	CO	432385
Buenaventura	CO	240387
Buenavista	MX	216776
Bueng Kum	TH	145830
Buenos Aires	AR	2891082
Bueyuekcekmece	TR	163140
Buguma	NG	135404
Buhe	CN	106347
Bujumbura	BI	769317
Bukama	CD	105530
Bukan	IR	193501
Bukavu	CD	816811
Bukhara	UZ	280187
Bukit Batok New Town	SG	158030
Bukit Bintang	MY	120529
Bukit Jalil	MY	200000
Bukit Merah Estate	SG	151250
Bukit Mertajam	MY	212329
Bukit Panjang New Town	SG	138050
Bukit Rahman Putra	MY	607000
Bukittinggi	ID	121028
Bukoba	TZ	144938
Bulandshahr	IN	198612
Bulaon	PH	131818
Bulawayo	ZW	665952
Bumba	CD	154586
Bunamwaya	UG	413400
Bunda	TZ	182970
Bundi	IN	104919
Bunia	CD	399282
Bunkyo	JP	240069
Buon Ho	VN	127920
Buon Ma Thuot	VN	434256
Burari	IN	146190
Buraydah	SA	745353
Burayu	ET	101400
Burewala	PK	361664
Burgas	BG	210646
Burgos	ES	176418
Burhanpur	IN	210886
Burlington	CA	186948
Burnaby	CA	249125
Burnley	GB	149422
Bursa	TR	3101833
Burton upon Trent	GB	122199
Busan	KR	3285147
Bush	EG	136441
Bushehr	IR	165377
Business Bay	AE	191000
Butanta	BR	123748
Butembo	CD	286242
Butterworth	MY	107591
Butuan	PH	309709
Butwal	NP	195054
Buxar	IN	102861
Buzau	RO	103481
Bydgoszcz	PL	330038
Bytom	PL	189186
Ca Mau	VN	226372
Caala	AO	130000
Cabanatuan City	PH	343672
Cabimas	VE	351736
Cabinda	AO	550000
Cabo Frio	BR	238438
Cabo San Lucas	MX	202694
Cabo de Santo Agostinho	BR	216969
Cabudare	VE	102686
Cabudwaaq	SO	120000
Cabuyao	PH	308745
Cacak	RS	117072
Cacapava	BR	100071
Cachoeirinha	BR	143366
Cachoeirinha	BR	141503
Cachoeiro de Itapemirim	BR	198342
Cacuaco	AO	146867
Cadiz	PH	129053
Cadiz	ES	116979
Caen	FR	110624
Cagayan de Oro	PH	741617
Cagliari	IT	149257
Cagua	VE	119033
Cai Lay	VN	143050
Caieiras	BR	102775
Cainta	PH	283172
Cairns	AU	153075
Cairo	EG	9606916
Cajamarca	PE	201329
Calabar	NG	540000
Calabozo	VE	168605
Calama	CL	166334
Calamba	PH	575046
Calasiao	PH	100686
Calgary	CA	1306784
Cali	CO	2392877
Callao	PE	1226200
Caloocan	PH	1712945
Calumbo	AO	652270
Calumpit	PH	122187
Cam Pha	VN	190232
Cam Pha Mines	VN	135477
Cam Ranh	VN	146771
Camacari	BR	321636
Camagueey	CU	347562
Camama	AO	667094
Camaragibe	BR	160318
Camayenne	GN	1871242
Cambe	BR	110923
Camboriu	BR	117324
Cambridge	GB	145674
Cambridge	CA	129920
Cameta	BR	134184
Campeche	MX	220389
Campina Grande	BR	443911
Campinas	BR	1031554
Campo Grande	BR	906092
Campo Grande	BR	115925
Campo Largo	BR	144504
Campo Limpo	BR	236162
Campo Mourao	BR	104122
Campos dos Goytacazes	BR	483540
Can Giuoc	VN	152200
Can Tho	VN	1507187
Canakkale	TR	143622
Canberra	AU	367752
Cancun	MX	888797
Candelaria	PH	137933
Cangaiba	BR	141172
Cangzhou	CN	527681
Cankaya	TR	792189
Canoas	BR	328291
Cao Lanh	VN	211912
Cap-Haitien	HT	134815
Capao Redondo	BR	270767
Capas	PH	162724
Cape Coast	GH	212426
Cape Town	ZA	4772846
Capiata	PY	198553
Carabanchel	ES	253678
Caracas	VE	3000000
Caraguatatuba	BR	123389
Carapicuiba	BR	386984
Cardiff	GB	372089
Cariacica	BR	376200
Carletonville	ZA	182304
Carmona	PH	112140
Carnot	CF	129032
Carolina	PR	170404
Carora	VE	121741
Carrefour	HT	511345
Cartagena	CO	914552
Cartagena	ES	213943
Cartago	CO	134972
Caruaru	BR	402290
Carupano	VE	167187
Casablanca	MA	3665954
Cascavel	BR	368195
Castanhal	BR	192256
Castelar	AR	107786
Castello de la Plana	ES	183711
Catacamas	HN	140548
Catalao	BR	114427
Catamarca	AR	159139
Catanduva	BR	119275
Catania	IT	311584
Catbalogan	PH	107896
Catchiungo	AO	120677
Catia La Mar	VE	106822
Cau Giay	VN	292536
Caucaia	BR	378406
Cavite City	PH	115932
Caxias	BR	163546
Caxias do Sul	BR	479599
Cazenga	AO	394170
Cebu City	PH	965332
Ceilandia	BR	287023
Celaya	MX	340387
Central Coast	AU	346596
Centralniy	RU	214625
Centro Habana	CU	158151
Centurion	ZA	236580
Cergy-Pontoise	FR	183430
Cerro	CU	132351
Ch'ongdan-up	KP	142607
Chaeryong-ni	KP	125631
Chak Jhumra	PK	385169
Chakwal	PK	101200
Chakwama	NG	200000
Chalco	MX	168720
Chalus	IR	107490
Chaman	PK	130139
Chamartin	ES	140000
Chamberi	ES	145934
Chanda	IN	328351
Chandannagar	IN	180623
Chandigarh	IN	970602
Chandpur	BD	203000
Chanduasi	IN	112635
Chang-hua	TW	226564
Changam-ch'on	KP	207299
Changchun	CN	5691024
Changde	CN	1457419
Changhua	TW	226564
Changji	CN	198776
Changle	CN	259161
Changning	CN	694900
Changsha	CN	3093980
Changsha	CN	688242
Changshu	CN	1677050
Changwon	KR	1025702
Changyi	CN	302072
Changyuan	CN	186653
Changzheng	CN	229925
Changzhi	CN	1214940
Changzhi	CN	699514
Changzhou	CN	3290918
Chaohu	CN	138463
Chaoyang	CN	410005
Chaozhou	CN	1750945
Chapeco	BR	282648
Chapra	IN	202352
Charallave	VE	129182
Charleroi	BE	200132
Charlottenburg	DE	129359
Charsadda	PK	120170
Chas	IN	141640
Chattogram	BD	3920222
Chatuchak	TH	160906
Cheboksary	RU	492331
Chelmsford	GB	111511
Cheltenham	GB	118836
Chelyabinsk	RU	1202371
Chemnitz	DE	247220
Chengde	CN	920395
Chengdu	CN	20937757
Chenggu	CN	116375
Chengguan Qu	CN	478275
Chenghua	CN	152453
Chengqiao	CN	113442
Chengtangcun	CN	1756300
Chengzhong	CN	265886
Chennai	IN	4681087
Chenzhou	CN	822534
Cheonan	KR	658831
Cheongju-si	KR	852147
Cheras	MY	135823
Cheremushki	RU	106587
Cheremushky	UA	120000
Cherepovets	RU	315738
Cherkasy	UA	269836
Cherkessk	RU	122395
Chernihiv	UA	282747
Chernivtsi	UA	264298
Chertanovo Yuzhnoye	RU	142000
Chesterfield	GB	113057
Chetumal	MX	169028
Chhatarpur	IN	142128
Chhindwara	IN	175052
Chi Linh	VN	220421
Chia	CO	124309
Chiang Mai	TH	127240
Chiayi City	TW	263188
Chiba	JP	979768
Chichawatni	PK	112191
Chichicastenango	GT	141567
Chiclayo	PE	609400
Chicoloapan	MX	172919
Chifeng	CN	346654
Chigasaki	JP	242798
Chihuahua	MX	925762
Chikmagalur	IN	121484
Chikusei	JP	100753
Chikushino-shi	JP	103311
Chilakalurupet	IN	101398
Chilanzar	UZ	260700
Chililabombwe	ZM	113876
Chillan	CL	150396
Chilliwack	CA	101491
Chilpancingo	MX	187251
Chimbote	PE	316966
Chimoio	MZ	422046
Chinandega	NI	126387
Chinautla	GT	104972
Chincha Alta	PE	153076
Chingola	ZM	256560
Chiniot	PK	318165
Chinju	KR	307242
Chipata	ZM	327059
Chiquimula	GT	111505
Chirchiq	UZ	162800
Chirmiri	IN	100800
Chishtian	PK	149939
Chisinau	MD	635994
Chita	RU	349005
Chitato	AO	246880
Chitradurga	IN	145853
Chittoor	IN	160722
Chittorgarh	IN	116406
Chitungwiza	ZW	371246
Chizhou	CN	615274
Chlef	DZ	178616
Cho Lon	VN	561000
Choa Chu Kang New Town	SG	187550
Chofu	JP	242614
Choloma	HN	139100
Cholula	MX	292881
Chom Thong	TH	158005
Chon Buri	TH	219164
Chon Thanh	VN	121083
Chongfu	CN	112060
Chongjin	KP	327000
Chongming	CN	637921
Chongqing	CN	22000000
Chongzuo	CN	384905
Chorzow	PL	113430
Christchurch	NZ	419200
Chu	VN	127881
Chumakivskyi	UA	103005
Chuncheon	KR	284855
Chunga	ZM	115539
Chungju	KR	209483
Chunian	PK	634236
Chuo	JP	169179
Churu	IN	120157
Chust	UZ	100200
Chuxiong	CN	555081
Chuzhou	CN	782671
Ciamis	ID	109839
Ciampea	ID	207212
Cianjur	ID	174587
Cibinong	ID	363424
Cidade Ademar	BR	249218
Cidade Dutra	BR	182459
Cidade Lider	BR	136660
Cidade Tiradentes	BR	192177
Ciego de Avila	CU	142027
Cienfuegos	CU	186644
Cigli	TR	214065
Cikampek	ID	127173
Cikarang	ID	106479
Cikupa	ID	174041
Cilacap	ID	256996
Cilegon	ID	470378
Cileungsir	ID	289833
Cileunyi	ID	111476
Cimahi	ID	581994
Ciputat	ID	207858
Circoiscrizione II	IT	141344
Circoiscrizione III	IT	130709
Circoiscrizione V	IT	126666
Circoiscrizione VI	IT	107369
Circoiscrizione VIII	IT	134028
Cirebon	ID	344851
Cite Soleil	HT	265072
Citeureup	ID	214668
City of Port Phillip	AU	112669
City of Westminster	GB	247614
Ciudad Acuna	MX	216099
Ciudad Apodaca	MX	467157
Ciudad Benito Juarez	MX	308285
Ciudad Bolivar	VE	412619
Ciudad Camilo Cienfuegos	CU	178041
Ciudad Delicias	MX	148045
Ciudad General Escobedo	MX	454967
Ciudad Guayana	VE	978202
Ciudad Guzman	MX	111975
Ciudad Juarez	MX	1512450
Ciudad Lazaro Cardenas	MX	196003
Ciudad Lineal	ES	228171
Ciudad Lopez Mateos	MX	489160
Ciudad Madero	MX	197216
Ciudad Nezahualcoyotl	MX	1077208
Ciudad Obregon	MX	329404
Ciudad Ojeda	VE	240283
Ciudad Valles	MX	124644
Ciudad Victoria	MX	332100
Ciudad de Las Heras	AR	189067
Ciudad de Villa de Alvarez	MX	117600
Ciudad del Carmen	MX	191238
Ciudad del Este	PY	301815
Ciutat Vella	ES	102347
Cixi	CN	1457510
Cizre	TR	134041
Clermont-Ferrand	FR	147865
Cluj-Napoca	RO	286598
Co GJo	VN	116576
Coacalco	MX	277959
Coatepeque	GT	105415
Coatzacoalcos	MX	310698
Coban	GT	212047
Cochabamba	BO	841276
Codo	BR	114275
Coimbatore	IN	2136916
Coimbra	PT	140796
Colatina	BR	129301
Colchester	GB	130245
Colima	MX	146965
Colina	CL	146207
Colombo	LK	648034
Colombo	BR	232212
Colonia Lindavista	MX	100000
Colonia del Valle	MX	250000
Comilla	BD	634654
Comitan	MX	166178
Commonwealth	PH	215034
Comodoro Rivadavia	AR	140850
Conakry	GN	1928389
Concepcion	CL	223574
Concepcion	PH	178549
Concordia	AR	145210
Conselheiro Lafaiete	BR	138946
Constanta	RO	317832
Constantine	DZ	448028
Contagem	BR	627123
Copacabana	BR	128919
Copenhagen	DK	1153615
Copiapo	CL	129280
Coquimbo	CL	161317
Coquitlam	CA	148625
Cordoba	AR	2106734
Cordoba	ES	325708
Cordoba	MX	204721
Cork	IE	224004
Corlu	TR	202578
Coro	VE	246657
Coronel	CL	107759
Coronel Fabriciano	BR	108708
Corrientes	AR	346334
Corum	TR	269595
Cotabato	PH	383383
Cotia	BR	253608
Cotonou	BJ	679012
Coventry	GB	345324
Cox's Bazar	BD	253788
Coyoacan	MX	614447
Craiova	RO	234140
Crato	BR	139027
Crawley	GB	124008
Criciuma	BR	227438
Croix-des-Bouquets	HT	229127
Croydon	GB	173314
Cua	VE	182558
Cuauhtemoc	MX	531831
Cuauhtemoc	MX	168482
Cuautitlan	MX	178847
Cuautitlan Izcalli	MX	555163
Cuautla	MX	157336
Cubatao	BR	114870
Cucuta	CO	777106
Cuddalore	IN	173636
Cuenca	EC	636996
Cuernavaca	MX	338650
Cuiaba	BR	618124
Cuito	AO	355423
Culiacan	MX	808416
Cumana	VE	405626
Curico	CL	102438
Curitiba	BR	1948626
Cursino	BR	103171
Curug	ID	191406
Cusco	PE	428450
Cuttack	IN	610189
Czestochowa	PL	248125
Da Lat	VN	258014
Da Nang	VN	1276000
Dabou	CI	138083
Dabrowa Gornicza	PL	116971
Dachang	CN	371856
Dadu	PK	201017
Daegu	KR	2365523
Daejeon	KR	1441203
Dagenham	GB	108368
Dagupan	PH	171271
Daito	JP	119367
Dajal	PK	200000
Dakar	SN	2646503
Dakhla	EH	106277
Dali	CN	235305
Dalian	CN	7450785
Daliang	CN	210411
Daloa	CI	421871
Dalupura	IN	154791
Dam Dam	IN	122719
Damanhur	EG	318207
Damascus	SY	1569394
Damietta	EG	305920
Dammam	SA	1252523
Damoh	IN	139561
Dandong	CN	815858
Danli	HN	233789
Danshui	TW	189271
Danshui	CN	126701
Daoukro	CI	101136
Daqing	CN	1604027
Dar Bouazza	MA	165295
Dar es Salaam	TZ	5383728
Darbhanga	IN	296039
Darjiling	IN	123797
Darmstadt	DE	167029
Darnah	LY	102581
Darnytsya	UA	343384
Dartmouth	CA	101343
Darwin	AU	139902
Dasha	CN	116307
Daska Kalan	PK	126924
Dasmarinas	PH	441876
Dasoguz	TM	201142
Datia	IN	100284
Datong	CN	3105591
Datun	CN	110258
Daule	EC	173684
Daur	PK	128958
Davangere	IN	435128
Davao	PH	1848947
Dawei	MM	136783
Dawukou	CN	131880
Daxing	CN	104904
Daxing'anling	CN	520000
Daye	CN	871214
Dayrah	AE	400000
Dayrut	EG	102570
Dazhou	CN	1589435
Dchira El Jihadia	MA	109564
Debre Birhan	ET	146900
Debre Mark'os	ET	140700
Debre Tabor	ET	125300
Debrecen	HU	202402
Deesa	IN	111160
Dehiwala-Mount Lavinia	LK	219827
Dehradun	IN	522081
Dehui	CN	108818
Deir ez-Zor	SY	271800
Delegacion Cuajimalpa de Morelos	MX	160491
Delhi	IN	11034555
Delhi Cantonment	IN	110351
Delicias	ES	110520
Delmas	HT	395260
Delta	CA	101668
Dengzhou	CN	285032
Denizli	TR	313238
Denpasar	ID	670210
Deoghar	IN	203123
Deoli	IN	169122
Deoria	IN	129570
Depok	ID	2163635
Depok	ID	104527
Dera Ghazi Khan	PK	494464
Dera Ismail Khan	PK	763195
Dera Murad Jamali	PK	106952
Derbent	RU	105965
Derby	GB	270468
Derince	TR	125485
Desna	UA	368500
Desnyanskyi	UA	179600
Dessalines	HT	181903
Dessie	ET	270400
Dewas	IN	289550
Deyang	CN	735070
Dezful	IR	264709
Dezhou	CN	679535
Dhaka	BD	10356500
Dhamar	YE	160114
Dhamtari	IN	101677
Dhanbad	IN	1196214
Dhangadhi	NP	204788
Dharan	NP	173096
Dharashiv	IN	112085
Dharavi	IN	700000
Dharmavaram	IN	121874
Dhaulpur	IN	133075
Dhirkot	PK	195000
Dhule	IN	375559
Di An	VN	463023
Diadema	BR	403579
Dibrugarh	IN	145488
Didao	CN	109561
Diepsloot	ZA	350000
Diez de Octubre	CU	227293
Digos	PH	116122
Digri	PK	234578
Dihok	IQ	340900
Dijon	FR	159941
Dikirnis	EG	101082
Dila	ET	158800
Dili	TL	150000
Dimapur	IN	135860
Dimitrovgrad	RU	132226
Din Daeng	TH	130220
Dinaig	PH	116768
Dinajpur	BD	206234
Dinapore	IN	152940
Dinapur Nizamat	IN	182429
Dindigul	IN	292512
Dingxi	CN	420614
Dingzhou	CN	152934
Diourbel	SN	157554
Dire Dawa	ET	343000
Disuq	EG	149291
Divinopolis	BR	231091
Divo	CI	136627
Dixinn	GN	137287
Diyarbakir	TR	1833684
Djelfa	DZ	265833
Djibouti	DJ	626512
Dnipro	UA	968502
Dniprovskyi	UA	357900
Dodoma	TZ	765179
Doha	QA	344939
Dohad	IN	118846
Doilungdeqen	CN	137451
Dokri	PK	125000
Dolisie	CG	121000
Dombivali	IN	1247327
Donaustadt	AT	187007
Doncaster	GB	113566
Donetsk	UA	901645
Dong Ha	VN	164228
Dongcun	CN	658000
Dongguan	CN	9644871
Donghae City	KR	101128
Donghai	CN	264709
Donghe	CN	484218
Dongling	CN	171454
Dongsheng	CN	574242
Dongtai	CN	262873
Dongxing	CN	130000
Dongyang	CN	130387
Dongying	CN	998968
Dordrecht	NL	119260
Dortmund	DE	588462
Dorud	IR	121638
Dos Hermanas	ES	122943
Dosquebradas	CO	206693
Douala	CM	1338082
Douliu	TW	107924
Dourados	BR	264017
Drammen	NO	106013
Dresden	DE	564904
Dubai	AE	3790000
Dubai Investments Park	AE	160000
Dubai Marina	AE	120000
Dublin	IE	1024027
Dubreka	GN	182296
Dudley	GB	199059
Duekoue	CI	117023
Duesseldorf	DE	618685
Duezce	TR	194097
Duisburg	DE	504358
Duma	SY	111864
Dumaguete	PH	113541
Dumai	ID	349389
Dundee	GB	148210
Dundo	AO	177604
Dunedin	NZ	132800
Dunhua	CN	148844
Dunhuang	CN	186027
Duque de Caxias	BR	866347
Durban	ZA	3338026
Durg	IN	268806
Durgapur	IN	518872
Durres	AL	195920
Dushanbe	TJ	679400
Dusit	TH	107655
Duyun	CN	198516
Dzerzhinsk	RU	233126
E'zhou	CN	668727
East Helsinki	FI	170557
East Jerusalem	PS	428304
East London	ZA	478676
Eastbourne	GB	101689
Ebetsu	JP	133953
Ebina	JP	136516
Ebolowa	CM	101363
Ebute Ikorodu	NG	535619
Ecatepec de Morelos	MX	1645352
Ede	NG	159866
Edea	CM	103861
Edinburgh	GB	514990
Edirne	TR	180002
Edmonton	CA	1010899
Edogawe	JP	697932
Efon-Alaaye	NG	279319
Eimsbuettel	DE	269118
Eindhoven	NL	235691
Eixample	ES	266477
Ejido	VE	120978
Ejigbo	NG	138357
Ekibastuz	KZ	121470
El Achir	DZ	158333
El Daein	SD	264734
El Dibir	SO	200000
El Eulma	DZ	145380
El Fasher	SD	252609
El Geneina Fort	SD	134264
El Jadida	MA	212863
El Kelaa des Srarhna	MA	103982
El Limon	VE	148247
El Mourouj	TN	120732
El Obeid	SD	393311
El Oued	DZ	186525
El Progreso	HN	100810
El Tigre	VE	222450
El Vigia	VE	162289
Elazig	TR	443363
Elbasan	AL	100903
Elblag	PL	127558
Elche	ES	234765
Eldoret	KE	475716
Elektrostal'	RU	144387
Elista	RU	106971
Eloy Alfaro	EC	315724
Eluru	IN	218020
Emalahleni	ZA	373403
Embu das Artes	BR	259788
Eminabad	PK	150646
Encheng	CN	110921
Enfield Town	GB	156858
Engels	RU	196011
Enschede	NL	153655
Ensenada	MX	443807
Enshi	CN	279185
Entebbe	UG	102600
Enugu	NG	950000
Envigado	CO	163007
Epworth	ZW	206365
Erbil	IQ	1612700
Erebuni	AM	129700
Eregli	TR	156253
Erfurt	DE	218793
Erlangen	DE	102675
Ermelino Matarazzo	BR	112333
Ermelo	ZA	100324
Erode	IN	521891
Errachidia	MA	100870
Erzincan	TR	150714
Erzurum	TR	767848
Escuintla	GT	156313
Esenler	TR	520235
Esenyurt	TR	983571
Eskisehir	TR	921630
Eslamshahr	IR	450000
Esmeraldas	EC	218727
Esna	EG	462787
Espoo	FI	323910
Essen	DE	593085
Esuk Oron	NG	112033
Etah	IN	131023
Etawah	IN	257448
Etobicoke	CA	365000
Etwatwa	ZA	151866
Eunapolis	BR	121067
Evaton	ZA	725468
Exeter	GB	130709
Ezeiza	AR	115021
Ezhou	CN	193652
Facatativa	CO	141762
Faisalabad	PK	3800193
Fangchenggang	CN	276315
Fanling	HK	263200
Faqus	EG	116945
Fardis	IR	181174
Faridabad	IN	1414050
Faridpur	BD	112187
Farrukhabad	IN	241152
Fatehpur	IN	166480
Fatih	TR	356025
Favoriten	AT	201882
Fazenda Rio Grande	BR	148873
Feicheng	CN	968100
Feira de Santana	BR	616272
Fendou	CN	226298
Fengcheng	CN	195700
Fengcheng	CN	175576
Fengcheng	CN	161850
Fenghuang	CN	370000
Fengshan	TW	356463
Fengxiang	CN	1140872
Fergana	UZ	299200
Fernando de la Mora	PY	120167
Ferrara	IT	132009
Ferraz de Vasconcelos	BR	179198
Fes	MA	1191905
Fes al Bali	MA	156000
Fianarantsoa	MG	203105
Firozabad	IN	306409
Firozpur	IN	110313
Florence	IT	367150
Florencia	CO	168346
Florianopolis	BR	508826
Floridablanca	CO	267591
Floridsdorf	AT	162779
Foggia	IT	137032
Fontanar	CU	178601
Forli	IT	116696
Formosa	AR	222226
Formosa	BR	115901
Fortaleza	BR	2400000
Fortechnyi	UA	167451
Foshan	CN	9042509
Foumban	CM	130287
Foz do Iguacu	BR	297352
Franca	BR	365494
Franceville	GA	132895
Francisco Beltrao	BR	102312
Francisco Morato	BR	165139
Francistown	BW	103417
Franco da Rocha	BR	144849
Frankfurt am Main	DE	650000
Freetown	SL	802639
Freguesia do O	BR	137240
Freiburg	DE	237460
Fresnillo	MX	143281
Friedrichshain Bezirk	DE	117829
Fu'an	CN	154439
Fuchu	JP	262790
Fuding	CN	192352
Fuencarral	ES	238765
Fuencarral-El Pardo	ES	220085
Fuenlabrada	ES	190496
Fuerth	DE	132036
Fujairah	AE	118933
Fuji	JP	245392
Fuji	CN	131927
Fujieda	JP	145032
Fujimino	JP	113597
Fujinomiya	JP	132507
Fujisawa	JP	439728
Fukayacho	JP	141268
Fukui-shi	JP	262328
Fukuoka	JP	1612392
Fukushima	JP	294237
Fukuyama	JP	468812
Fuling	CN	268658
Funchal	PT	105795
Funtua	NG	136811
Funza	CO	116890
Fushun	CN	1400646
Fuxin	CN	689050
Fuyang	CN	1768947
Fuyu	CN	138704
Fuzhou	CN	4094491
Fuzhou	CN	1089888
Fyzabad	IN	153047
GJien Ban	VN	226564
GJong GJa	VN	371606
GJong Hoi	VN	133672
GJong Xoai	VN	168000
GJuc Pho	VN	155743
GJuc Trong	VN	161232
Gabela	AO	116903
Gabes	TN	110075
Gaborone	BW	246325
Gadag	IN	172612
Gadag-Betageri	IN	172813
Gagnoa	CI	277044
Gajuwaka	IN	258944
Galati	RO	217851
Gama	BR	139467
Gandajika	CD	208051
Gandhidham	IN	247992
Gandhinagar	IN	292797
Gangapur	IN	120115
Gangavati	IN	114642
Gangneung	KR	208161
Gangtok	IN	100286
Gangu Chengguanzhen	CN	103589
Ganja	AZ	330663
Ganzhou	CN	1977253
Gao	ML	133110
Gaojing	CN	127512
Gaomi	CN	391986
Gaoping	CN	204368
Gaozhou	CN	292164
Gapan	PH	129610
Garanhuns	BR	151803
Gardez	AF	103601
Garhi Khairo	PK	193297
Garissa	KE	163399
Garut	ID	131809
Gashua	NG	125817
Gasteiz / Vitoria	ES	257407
Gatineau	CA	300045
Gaya	IN	474093
Gaza	PS	410000
Gaziantep	TR	2222415
Gazipur	BD	2674697
Gboko	NG	365000
Gbongan	NG	139485
Gdansk	PL	487371
Gdynia	PL	257000
Gebze	TR	281436
Geelong	AU	282809
Geita	TZ	318006
Gejiu	CN	136135
Gelsenkirchen	DE	270028
Gemena	CD	197159
General Santos	PH	722059
Geneva	CH	201741
Genoa	IT	580097
Gent	BE	265086
Geoje	KR	232921
George	ZA	188580
George Town	MY	158336
Georgetown	GY	235017
Gera	DE	104659
Gereida	SD	120000
Germiston	ZA	255863
Getafe	ES	187525
Geylang	SG	110201
Ghardaia	DZ	142913
Ghaziabad	IN	1199191
Ghazipur	IN	103095
Ghazni	AF	141000
Ghotki	PK	119879
Ghulja	CN	269158
Gia Lam	VN	309353
Gia Rai	VN	145340
Gifu	JP	402557
Gijang	KR	176388
Gijon	ES	271780
Gilgit	PK	216760
Gillingham	GB	101187
Gimcheon	KR	150000
Gimpo-si	KR	203391
Gingoog	PH	138895
Ginowan	JP	100125
Girardot City	CO	107324
Giresun	TR	125682
Girga	EG	151256
Giridih	IN	114533
Giron	CO	108466
Girona	ES	100266
Gisenyi	RW	172357
Giza	EG	4367343
Glasgow	GB	626410
Glazov	RU	100676
Gliwice	PL	198835
Gloucester	CA	150012
Gloucester	GB	132416
Go Vap	VN	110850
Godhra	IN	143644
Godome	BJ	253262
Goelbasi	TR	165201
Goettingen	DE	122149
Goiania	BR	1536097
Gojra	PK	214000
Gokalpur	IN	121870
Gol'yanovo	RU	158000
Gold Coast	AU	640778
Golestan	IR	240000
Golfe	AO	655796
Gombe	NG	560000
Gomez Palacio	MX	257352
Gonbad-e Kavus	IR	151910
Gonda City	IN	133583
Gondal	IN	112197
Gonder	ET	466000
Gondia	IN	132813
Gongheyong	CN	204881
Gongzhuling	CN	180700
Gorakhpur	IN	674246
Gorgan	IR	244937
Gorontalo	ID	205390
Gorzow Wielkopolski	PL	114567
Gothenburg	SE	608462
Governador Valadares	BR	266561
Goyang-si	KR	1061752
Gqeberha	ZA	1050078
Gracia	ES	121502
Grajau	BR	384873
Granada	ES	233532
Gravatai	BR	265074
Graz	AT	303270
Greater Noida	IN	293908
Greater Sudbury	CA	166004
Grenoble	FR	158552
Grogol	ID	100613
Groningen	NL	244807
Grozny	RU	297137
Guacara	VE	198883
Guadalajara	MX	1385629
Guadalajara de Buga	CO	114316
Guadalupe	MX	673616
Guadalupe	MX	170029
Guaianases	BR	109316
Guanabacoa	CU	112964
Guanare	VE	112286
Guang'an	CN	858159
Guangshui	CN	154771
Guangyuan	CN	516424
Guangzhou	CN	18676605
Guankou	CN	1380000
Guantanamo	CU	272801
Guara	BR	125703
Guarapari	BR	136311
Guarapuava	BR	189630
Guaratingueta	BR	118044
Guarenas	VE	248588
Guaruja	BR	294871
Guarulhos	BR	1345364
Guatemala City	GT	994938
Guatire	VE	227666
Guayaquil	EC	2723665
Gucun	CN	240185
Gudivada	IN	118167
Guediawaye	SN	329659
Guelma	DZ	120004
Guelmim	MA	129200
Guelph	CA	143740
Guigang	CN	1086327
Guiguinto	PH	118173
Guilin	CN	1572300
Guixi	CN	188980
Guiyang	CN	4506134
Gujangbagh	CN	408894
Gujranwala	PK	2511118
Gujrat	PK	574240
Guli	CN	964203
Gulin	CN	116527
Gulu	UG	177400
Gumi	KR	404691
Guna	IN	180935
Gunan	CN	208010
Gundupalaiyam	IN	300104
Gunpo	KR	286485
Gunsan	KR	264656
Guntakal	IN	126270
Guntur	IN	670073
Gunungsitoli	ID	136707
Guri-si	KR	195236
Gurue	MZ	168971
Gurugram	IN	886519
Gusau	NG	226857
Gustavo Adolfo Madero	MX	1185772
Guwahati	IN	962334
Guyong	PH	155391
Guyuan	CN	411854
Gwalior	IN	1054420
Gwangju	KR	1401235
Gwangmyeong	KR	357545
Gwangyang	KR	154266
Gweru	ZW	158200
Gyanpur	IN	200000
Gyeongju	KR	245365
Gyeongsan-si	KR	266951
Gyor	HU	129301
Gyumri	AM	114667
Ha Long	VN	270054
Ha Tien	VN	100560
Ha Tinh	VN	266321
Ha'il	SA	605930
Haarlem	NL	162543
Habikino	JP	109479
Habra	IN	139297
Hachinohe	JP	239046
Hachioji	JP	579355
Hada'iq al Qubbah	EG	339612
Hadano	JP	163787
Hadejia	NG	110753
Haeju	KP	222396
Hafar Al-Batin	SA	271642
Hafizabad	PK	318621
Hagen	DE	198972
Hagonoy	PH	123531
Hai Ba Trung	VN	303586
Hai Chau	VN	131427
Hai Duong	VN	241373
Haicheng	CN	191651
Haifa	IL	285316
Haikou	CN	3001600
Haikou	CN	112644
Hailar	CN	211066
Hailin	CN	144443
Hailun	CN	109881
Haimen	CN	125427
Haiphong	VN	2625200
Hajipur	IN	147688
Hakodate	JP	275730
Haldia	IN	170695
Haldwani	IN	139497
Halifax	CA	471559
Halisahar	IN	128172
Halle (Saale)	DE	237865
Halwan	EG	230000
Hamadan	IR	528256
Hamah	SY	460602
Hamamatsu	JP	791707
Hamburg	DE	1973896
Hamburg-Mitte	DE	301231
Hamburg-Nord	DE	315514
Hamhung	KP	559056
Hami	CN	246373
Hamilton	CA	569353
Hamilton	NZ	192100
Hamm	DE	178967
Hammamet	TN	106326
Hammanskraal	ZA	112950
Hanam	KR	254415
Hancheng	CN	397020
Handa	JP	117884
Handan	CN	1358318
Handeni	TZ	108968
Hanfeng	CN	196528
Hangu	CN	208369
Hangzhou	CN	11936010
Hanjia	CN	108430
Hannover	DE	515140
Hanoi	VN	8053663
Hanumangarh	IN	155687
Hanzhong	CN	1006557
Hapur	IN	242920
Harar	ET	157000
Harare	ZW	1542813
Harbin	CN	10009854
Harburg	DE	169221
Hardoi	IN	122635
Hargeysa	SO	477876
Haridwar	IN	186079
Harrow	GB	149246
Harunabad	PK	149679
Hashtsal	IN	176877
Hasilpur	PK	168146
Hassan	IN	155006
Hat Yai	TH	191696
Hathazari	BD	498179
Hathras	IN	126882
Hatsukaichi	JP	114173
Havana	CU	2163824
Haveli Lakha	PK	122389
Hawalli	KW	164212
Hayy Khilda	JO	251000
Hazaribagh	IN	153595
Hebi	CN	634721
Hebron	PS	160470
Hechi	CN	330131
Hechuan	CN	377213
Hecun	CN	494412
Hedong	CN	101825
Hefei	CN	9465881
Hegang	CN	743307
Heidelberg	DE	143345
Heihe	CN	223832
Heilbronn	DE	120733
Hejiang	CN	137437
Helsingborg	SE	104250
Helsinki	FI	658864
Hengshan	CN	164844
Hengshui	CN	522147
Hengyang	CN	1075516
Hepo	CN	131238
Hepu	CN	192813
Herat	AF	574300
Hermosillo	MX	812229
Herne	DE	172108
Heroica Guaymas	MX	117253
Heroica Matamoros	MX	510739
Heshan	CN	1249807
Hetauda	NP	195951
Heyuan	CN	463907
Heze	CN	1346717
Hezhou	CN	1005490
Hidalgo del Parral	MX	104836
Higashihiroshima	JP	196608
Higashikurume	JP	117020
Higashimurayama	JP	151815
Higashiosaka	JP	493940
High Wycombe	GB	133204
Hikone	JP	113647
Hildesheim	DE	103052
Himamaylan	PH	117286
Himeji	JP	530495
Hindaun	IN	105452
Hindupur	IN	151677
Hinganghat	IN	101805
Hino	JP	190435
Hinthada	MM	134947
Hirakata	JP	406331
Hiratsuka	JP	258422
Hirnytskyi	UA	107216
Hirosaki	JP	168739
Hiroshima	JP	1200754
Hisar	IN	307024
Hitachi	JP	174508
Hitachi-Naka	JP	156581
Hlaingthaya	MM	687867
Ho	GH	130701
Ho Chi Minh City	VN	14002598
Hoa Binh	VN	105260
Hoa Cuong	VN	119363
Hoa Thanh	VN	147666
Hoan Kiem	VN	135618
Hoang Mai	VN	113360
Hobart	AU	254930
Hofu	JP	116925
Hohhot	CN	3446100
Hoima	UG	122700
Hoji ya Henda	AO	642050
Holguin	CU	319102
Holon	IL	196282
Homs	SY	775404
Homyel'	BY	501193
Honcho	JP	644668
Hondlon	CN	787681
Hong Kong	HK	7396076
Hong Kong Island	HK	1195529
Hong Ngu	VN	101155
Honggang	CN	147977
Hongjiang	CN	476000
Hongkou	CN	687500
Honmachi	JP	123067
Hoofddorp	NL	132734
Horlivka	UA	239828
Horta-Guinardo	ES	168092
Hortaleza	ES	161661
Hortolandia	BR	236641
Hosa'ina	ET	188200
Hosapete	IN	206167
Hoshiarpur	IN	168653
Hosur	IN	229528
Hougang New Town	SG	227560
Howrah	IN	1027672
Hrodna	BY	363718
Hsinchu	TW	453536
Hua Hin	TH	126355
Huacheng	CN	101165
Huadian	CN	139047
Huai'an	CN	4556230
Huaibei	CN	1113321
Huaihua	CN	552622
Huainan	CN	3033528
Huambo	AO	595304
Huancayo	PE	456250
Huanggang	CN	366769
Huanggang	CN	225956
Huangpu	CN	656200
Huangshan	CN	460786
Huangshi	CN	688090
Huangzhou	CN	122563
Huanren	CN	229953
Huanuco	PE	196627
Huaraz	PE	118836
Huayin	CN	263352
Hub	PK	195661
Hubballi	IN	943788
Huddersfield	GB	149017
Hue	VN	1380000
Huelva	ES	144258
Hugli	IN	177005
Huicheng	CN	125919
Huinong	CN	136570
Huixing	CN	186972
Huixquilucan	MX	124846
Huizhou	CN	2900113
Hulan	CN	109104
Hulan Ergi	CN	265344
Huludao	CN	944495
Hulunbuir	CN	349400
Humen	CN	191891
Hung Yen	VN	118646
Hungnam	KP	346082
Huocheng	CN	360000
Hurghada	EG	207132
Huyen Lam Ha	VN	144707
Huzhou	CN	1015937
Hwado	KR	106358
Hwaseong-si	KR	640890
Hyderabad	IN	6993262
Hyderabad	PK	1921275
Hyesan	KP	192680
Iasi	RO	378954
Ibadan	NG	3649000
Ibague	CO	529635
Ibanda	UG	117700
Ibaraki	JP	287730
Ibarra	EC	221149
Ibb	YE	771514
Ibirite	BR	179582
Ica	PE	282407
Ichalkaranji	IN	287353
Icheon-si	KR	196230
Ichihara	JP	283531
Ichikawa	JP	496676
Ichinomiya	JP	380073
Ichinoseki	JP	114476
Idku	EG	177152
Idlib	SY	128840
Ifakara	TZ	205843
Igarassu	BR	123017
Igboho	NG	136764
Igdir	TR	101700
Iguala de la Independencia	MX	118468
Iguatemi	BR	149700
Iida	JP	101536
Iizuka	JP	126364
Ijebu Ode	NG	360000
Ijebu-Igbo	NG	109261
Ijero-Ekiti	NG	167632
Ijok	MY	100899
Ikare	NG	465000
Ikeda	JP	104993
Ikeja	NG	313196
Ikere-Ekiti	NG	103054
Ikire	NG	222160
Ikirun	NG	134240
Ikoma	JP	120741
Ikot Ekpene	NG	254806
Iksan	KR	307000
Ila Orangun	NG	179192
Ilagan	PH	164020
Ilam	IR	140940
Ile-Ife	NG	560000
Ilebo	CD	117245
Ilesa	NG	325000
Ilford	GB	168168
Ilheus	BR	189149
Iligan	PH	342618
Iligan City	PH	312323
Ilobu	NG	118089
Iloilo	PH	473728
Ilorin	NG	1080000
Imabari	JP	170986
Imperatriz	BR	273110
Imphal	IN	277196
Imus	PH	481949
Inazawa	JP	134751
Incheon	KR	3015482
Inda Silase	ET	100100
Indaiatuba	BR	256223
Indore	IN	1994397
Indramayu	ID	123263
Industrialnyi	UA	157900
Inegol	TR	133959
Inezgane	MA	142320
Ingolstadt	DE	120658
Ingombota	AO	144911
Inisa	NG	164161
Inkisi	CD	115317
Innsbruck	AT	132493
Insein	MM	247675
International City	AE	120000
Inzai	JP	105463
Ipatinga	BR	235311
Ipiranga	BR	116271
Ipoh	MY	759952
Ipojuca	BR	105638
Ipswich	GB	178835
Iquique	CL	199587
Iquitos	PE	377609
Irakleion	GR	137154
Iranshahr	IR	131232
Irapuato	MX	380941
Irbid	JO	569068
Irewe	NG	139494
Iriga City	PH	115306
Iringa	TZ	202490
Irkutsk	RU	623869
Iruma	JP	147166
Isahaya	JP	135546
Ise	JP	123533
Ise-Ekiti	NG	190063
Isehara	JP	103401
Isesaki	JP	211850
Iseyin	NG	365300
Isfahan	IR	1547164
Isfara	TJ	274000
Ishinomaki	JP	140151
Isidro Casanova	AR	131981
Isiro	CD	255409
Iskandar Puteri	MY	575977
Iskenderun	TR	251682
Islamabad	PK	601600
Islington	GB	319143
Ismailia	EG	429465
Isparta	TR	172334
Istanbul	TR	15701602
Istaravshan	TJ	273500
Isulan	PH	101455
Itabaiana	BR	103440
Itabashi	JP	584483
Itabira	BR	118053
Itaborai	BR	240040
Itabuna	BR	196344
Itacoatiara	BR	113917
Itaguai	BR	123980
Itaguei	CO	281853
Itaim Bibi	BR	101452
Itaim Paulista	BR	205295
Itaituba	BR	135369
Itajai	BR	294850
Itami	JP	198138
Itanhaem	BR	112476
Itapecerica da Serra	BR	163003
Itaperuna	BR	107246
Itapetininga	BR	164256
Itapevi	BR	240961
Itapipoca	BR	138978
Itaquaquecetuba	BR	369275
Itaquera	BR	210960
Itarsi	IN	100574
Itatiba	BR	122581
Itu	BR	175047
Ituiutaba	BR	106775
Itumbiara	BR	113322
Ituzaingo	AR	168419
Ivano-Frankivsk	UA	238196
Ivanovo	RU	406113
Ivanovskoye	RU	128000
Ivory Park	ZA	184383
Iwaki	JP	357309
Iwakuni	JP	129125
Iwata	JP	166672
Iwatsuki	JP	108833
Iwo	NG	250443
Ixtapaluca	MX	322271
Izeh	IR	119399
Izhevsk	RU	648213
Izmaylovo	RU	104000
Izmir	TR	2938292
Izmit	TR	196571
Iztacalco	MX	384326
Iztapalapa	MX	1835486
Izumi	JP	184615
Izumisano	JP	100131
Izumo	JP	172775
Jabalpur	IN	1081677
Jabalya	PS	168568
Jabaquara	BR	214958
Jaboatao dos Guararapes	BR	644037
Jacarei	BR	250952
Jacmel	HT	137966
Jacobabad	PK	219315
Jaen	ES	113457
Jaffa	IL	100000
Jaffna	LK	169102
Jagadhri	IN	124894
Jagdalpur	IN	125463
Jagtial	IN	103930
Jahanabad	IN	103202
Jahrom	IR	141634
Jaigaon	IN	158664
Jaipur	IN	3046163
Jajmau	IN	652831
Jakarta	ID	8540121
Jalai Nur	CN	107828
Jalalabad	AF	271900
Jalalpur Jattan	PK	146743
Jalalpur Pirwala	PK	500000
Jalandhar	IN	868929
Jalapa	GT	159840
Jalgaon	IN	460228
Jalingo	NG	117757
Jalna	IN	285577
Jalpaiguri	IN	107832
Jamalpur	BD	167900
Jamalpur	IN	105434
Jambi City	ID	635101
Jammu	IN	576198
Jamnagar	IN	600943
Jampur	PK	155243
Jamshedpur	IN	1339438
Jamuria	IN	160242
Janakpur	NP	195438
Jandira	BR	118045
Janzur	LY	154389
Japeri	BR	102171
Jaragua	BR	211610
Jaragua do Sul	BR	199519
Jaranwala	PK	150380
Jardim Angela	BR	311432
Jardim Helena	BR	129409
Jardim Sao Luis	BR	259377
Jatai	BR	105729
Jau	BR	133497
Jauharabad	PK	113188
Jaunpur	IN	169572
Jayapura	ID	410852
Jebel Ali	AE	210000
Jeddah	SA	4697000
Jeju City	KR	488844
Jember	ID	298585
Jena	DE	104712
Jeongeup	KR	139876
Jeonju	KR	638421
Jepara	ID	1257912
Jequie	BR	127475
Jerez de la Frontera	ES	212879
Jerusalem	IL	971800
Jessore	BD	243987
Jetpur	IN	118302
Jhang Sadr	PK	606533
Jhansi	IN	412927
Jhelum	PK	190425
Jhunjhunun	IN	118473
Ji Parana	BR	140101
Ji'an	CN	538699
Jiading	CN	1886100
Jiagedaqi	CN	137105
Jiamusi	CN	549549
Jianchang	CN	109108
Jiangmen	CN	1795459
Jiangyin	CN	1779515
Jiangyou	CN	127225
Jianshui	CN	490000
Jiaohe	CN	123018
Jiaojiang	CN	826100
Jiaozhou	CN	619266
Jiaozuo	CN	865413
Jiashan	CN	137112
Jiawang	CN	133861
Jiaxing	CN	1180000
Jiayuguan	CN	231853
Jiazi	CN	130298
Jieshi	CN	137444
Jieshou	CN	141993
Jiexiu	CN	222100
Jieyang	CN	1899394
Jijel	DZ	131513
Jijiang	CN	196787
Jijiga	ET	483000
Jilin	CN	1895865
Jimeta	NG	248148
Jimma	ET	250900
Jinan	CN	8352574
Jinchang	CN	228561
Jincheng	CN	476945
Jind	IN	167592
Jinfeng	CN	127076
Jing'an	CN	936500
Jing'an	CN	186000
Jingdezhen	CN	473561
Jingling	CN	224871
Jingmen	CN	632954
Jingzhi	CN	126703
Jingzhou	CN	1052282
Jinhua	CN	1463990
Jining	CN	1241012
Jining	CN	258757
Jinjiang	CN	1416151
Jinshan	CN	822776
Jinshanlu	CN	190064
Jinzhong	CN	1226617
Jinzhou	CN	1524362
Jinzhou	CN	215386
Jiroft	IR	130429
Jishou	CN	102332
Jishu	CN	103988
Jiujiang	CN	1164268
Jiupu	CN	123843
Jiuquan	CN	428346
Jiutai	CN	175115
Jiutepec	MX	215357
Jixi	CN	403759
Jiyuan	CN	242143
Jizan	SA	105198
Jizhou	CN	362013
Jizzax	UZ	179200
Joao Pessoa	BR	817511
Jodhpur	IN	1056191
Joenkoeping	SE	112766
Joetsu	JP	189430
Johannesburg	ZA	9418183
Johor Bahru	MY	858118
Joinville	BR	664500
Jolo	PH	101002
Jombang	ID	126465
Jomvu	KE	163415
Jorhat	IN	126736
Jos	NG	1040000
Jose Bonifacio	BR	128243
Jose C. Paz	AR	230208
Juan Diaz	PA	100636
Juazeiro	BR	256122
Juazeiro do Norte	BR	305531
Juba	SS	450000
Juiz de Fora	BR	540756
Juja	KE	156041
Juliaca	PE	245675
Junagadh	IN	319462
Jundiai	BR	443221
Jurong Town	SG	262730
Jurong West	SG	253840
Jutiapa	GT	145880
Jyvaeskylae	FI	148744
Kabankalan	PH	210893
Kabin Buri	TH	140056
Kabinda	CD	219396
Kabul	AF	4434550
Kabwe	ZM	288598
Kadapa	IN	344893
Kadoma	JP	131727
Kadoma	ZW	117381
Kaduna	NG	1850000
Kaech'on	KP	319554
Kaesong	KP	338155
Kafr ad Dawwar	EG	128539
Kafr ash Shaykh	EG	194569
Kafrul	BD	339734
Kafue	ZM	104174
Kagoshima	JP	595049
Kahama	TZ	453654
Kahramanmaras	TR	384953
Kaifeng	CN	1451741
Kaili	CN	275745
Kairouan	TN	139070
Kaithal	IN	144915
Kaiyuan	CN	198423
Kaiyuan	CN	112462
Kajang	MY	236240
Kajansi	UG	135600
Kakamega	KE	1867579
Kakamigahara	JP	144521
Kakegawa	JP	117925
Kakinada	IN	384182
Kakogawacho-honmachi	JP	271634
Kalaban Koro	ML	148247
Kalaburagi	IN	543147
Kalemie	CD	160961
Kalemyo	MM	348573
Kaliningrad	RU	475056
Kalininskiy	RU	504641
Kalisz	PL	108759
Kallakurichi	IN	1682687
Kallang	SG	101290
Kallithea	GR	100641
Kalmiuskyi	UA	101498
Kalmunai	LK	100171
Kalol	IN	134426
Kaluga	RU	340851
Kalulushi	ZM	104046
Kalyan	IN	1262255
Kalynivskyi	UA	103249
Kamagaya	JP	109932
Kamakura	JP	172929
Kamalia	PK	166617
Kamalshahr	IR	141669
Kamarhati	IN	332965
Kamensk-Ural'skiy	RU	182500
Kamina	CD	200184
Kamirenjaku	JP	195391
Kamloops	CA	104460
Kamoke	PK	292023
Kampala	UG	1680600
Kampong Baharu Cheras Batu Sebelas	MY	232100
Kampong Pasir Ris	SG	144260
Kampung Baru Subang	MY	833571
Kampung Kangkar Teberau	MY	412373
Kampung Larkin Lama	MY	500000
Kampung Pasir Gudang Baru	MY	145639
Kampung Sungai Ara	MY	140849
Kampung Sungai Glugur	MY	145600
Kamsar	GN	113350
Kamyanske	UA	226845
Kamyshin	RU	128626
Kananga	CD	1271704
Kanayannur	IN	851406
Kanazawa	JP	466029
Kanchipuram	IN	221715
Kanchrapara	IN	136954
Kandahar	AF	523300
Kandy	LK	111701
Kangding	CN	100000
Kanggye	KP	209530
Kangnyong	KP	106827
Kangson	KP	102436
Kanhangad	IN	125564
Kani	JP	102143
Kankan	GN	221428
Kano	NG	4910000
Kanoya	JP	101096
Kanpur	IN	2823249
Kanpur Cantonment	IN	108534
Kansk	RU	101502
Kaohsiung	TW	2737660
Kaolack	SN	298904
Kapar	MY	269627
Kara	TG	104207
Karabaglar	TR	479338
Karabuek	TR	125403
Karachi	PK	11624219
Karagandy	KZ	497777
Karaikkudi	IN	181851
Karaj	IR	1448075
Karaman	TR	175390
Karamay	CN	261445
Karatsu	JP	117663
Karawalnagar	IN	224281
Karawang	ID	307880
Karbala	IQ	1218732
Kariega	ZA	291052
Karimnagar	IN	289821
Kariya	JP	153834
Karlsruhe	DE	283799
Karnal	IN	302140
Karnaphuli	BD	203697
Karol Bagh	IN	505241
Karsiyaka	TR	339624
Karur	IN	234191
Karuri	KE	194342
Karuri	KE	194342
Kasama	ZM	179636
Kasangati	UG	207800
Kasese	UG	115400
Kashan	IR	304487
Kashan	IR	304487
Kashgar	CN	506640
Kashihara-shi	JP	124521
Kashipur	IN	103138
Kashiwa	JP	433436
Kashiwara	JP	120922
Kashmar	IR	131517
Kassala	SD	401477
Kassel	DE	197230
Kastamonu	TR	125622
Kasuga	JP	111023
Kasugai	JP	308681
Kasukabe	JP	229792
Kasulu	TZ	238321
Kasur	PK	510875
Katabi	UG	154300
Kathmandu	NP	1442271
Kati	ML	130254
Katihar	IN	240838
Katowice	PL	286960
Katsina	NG	670000
Katsushika	JP	453093
Katsuta	JP	155968
Katumba	TZ	108558
Kaunas	LT	289380
Kawachi-Nagano	JP	101692
Kawagoe	JP	354571
Kawaguchi	JP	607373
Kawanishi	JP	155165
Kawasaki	JP	1538262
Kaya	BF	121970
Kayes	ML	194716
Kayseri	TR	1452458
Kazan	RU	1243500
Kazerun	IR	112360
Kazo	JP	112792
Kecskemet	HU	109847
Kediri	ID	301424
Kedungwuni	ID	117249
Keelung	TW	362487
Kelar	IQ	250000
Kelowna	CA	144576
Kembangan	SG	130252
Kemerovo	RU	558973
Kendari	ID	351085
Kenema	SL	255110
Keng Tung	MM	171620
Kenitra	MA	470949
Kennedy	CO	979914
Kentron	AM	133000
Kerch	UA	148932
Kerman	IR	577514
Kermanshah	IR	621100
Kfar Saba	IL	110456
Khabarovsk	RU	618150
Khairpur Mir's	PK	191044
Khamis Mushait	SA	387553
Khammam	IN	196283
Khan Yunis	PS	173183
Khanaqin	IQ	175000
Khandwa	IN	200738
Khanna	IN	128137
Khanpur	PK	142426
Khanty-Mansiysk	RU	101466
Kharagpur	IN	219665
Khardah	IN	128346
Khargone	IN	116150
Kharian	PK	103036
Kharkiv	UA	1421125
Khartoum	SD	1974647
Khartoum North	SD	1012211
Khasavyurt	RU	126829
Khasnahzan	IQ	146639
Khemisset	MA	143640
Khenchela	DZ	114472
Khenifra	MA	128318
Khimki	RU	239967
Khirdalan	AZ	196200
Khlong Luang	TH	118551
Khlong Sam Wa	TH	169489
Khlong Toei	TH	109041
Khmelnytskyi	UA	274452
Khobar	SA	165799
Khomeyni Shahr	IR	277334
Khon Kaen	TH	114459
Khoroshevo-Mnevniki	RU	159000
Khorramabad	IR	329825
Khorramshahr	IR	330606
Khouribga	MA	214241
Khujand	TJ	191000
Khulna	BD	1500689
Khuraybat as Suq	JO	186158
Khurja	IN	105909
Khushab	PK	102793
Khuy	IR	198845
Khuzdar	PK	218112
Khwisero	KE	113294
Kiambu	KE	147870
Kibaha	TZ	265360
Kiel	DE	252668
Kielce	PL	192468
Kien An	VN	118047
Kigali	RW	1132686
Kigoma	TZ	232388
Kikolo	AO	728205
Kikuyu	KE	323881
Kikwit	CD	509367
Kilamba	AO	237528
Kilis	TR	111648
Kima Kieza	AO	428855
Kimberley	ZA	142089
Kimhae	KR	531966
Kindia	GN	161024
Kindrativskyi	UA	101565
Kindu	CD	234651
Kingston	JM	937700
Kingston	CA	132485
Kingston upon Hull	GB	314018
Kinshasa	CD	16000000
Kipushi	CD	169635
Kira	UG	462900
Kirari Sulemannagar	IN	283211
Kirdasah	EG	137588
Kirikkale	TR	186960
Kirishima	JP	123205
Kirkuk	IQ	1031000
Kirov	RU	507155
Kirsehir	TR	150700
Kiryu	JP	108991
Kisangani	CD	1602144
Kisaran	ID	141915
Kisarazu	JP	136166
Kiselevsk	RU	104000
Kishanganj	IN	105782
Kishangarh	IN	154886
Kishiwada	JP	205561
Kisi	NG	155510
Kisii	KE	112417
Kislovodsk	RU	132771
Kismayo	SO	234852
Kissidougou	GN	116019
Kisumu	KE	397957
Kita	JP	332140
Kitakyushu	JP	940978
Kitale	KE	162174
Kitami	JP	119135
Kitchener	CA	256885
Kitengela	KE	154436
Kitwe	ZM	665961
Kiziltepe	TR	150174
Klagenfurt am Woerthersee	AT	100316
Klaipeda	LT	172292
Klang	MY	240016
Klaten	ID	126831
Klerksdorp	ZA	227039
Kluang	MY	323762
Klungkung	ID	223720
Kobe	JP	1525152
Koblenz	DE	107319
Kochi	IN	633553
Kochi	JP	332059
Kodaira	JP	198739
Koeln	DE	1024621
Koforidua	GH	151255
Kofu	JP	189591
Koga	JP	139344
Koganei	JP	126074
Kohat	PK	151427
Koidu	SL	128030
Kokshetau	KZ	150649
Kokubunji	JP	129242
Kolar	IN	138462
Kolda	SN	103574
Kolhapur	IN	549236
Kolkata	IN	4631392
Kollam	IN	367107
Kolomna	RU	147690
Kolpino	RU	138979
Kolwezi	CD	790248
Kom Ombo	EG	409311
Komaki	JP	148872
Komatsu	JP	108509
Kombolcha	ET	132100
Komsomolsk-on-Amur	RU	275908
Kon Tum	VN	205762
Konak	TR	332277
Konibodom	TJ	211100
Konosu	JP	116828
Konya	TR	1433861
Korba	IN	419146
Korhogo	CI	440926
Koriyama	JP	327692
Korla	CN	549324
Korolev	RU	139798
Korolyov	UA	114034
Koronadal	PH	201844
Koshigaya	JP	345353
Kosice	SK	225044
Kostanay	KZ	210000
Kosti	SD	345068
Kostroma	RU	277280
Koszalin	PL	107450
Kot Addu	PK	104217
Kot Radha Kishan	PK	102057
Kota	IN	1001694
Kota Bharu	MY	568900
Kota Damansara	MY	500000
Kota Kinabalu	MY	500421
Kota Kuala Muda	MY	544984
Kotamobagu	ID	121756
Koto	JP	543730
Kotri	PK	106615
Koudougou	BF	160239
Koumassi	CI	412282
Kousseri	CM	139024
Koutiala	ML	218031
Kovpakivskyi	UA	142447
Kovrov	RU	154224
Kowloon	HK	2232339
Kowloon City	HK	418732
Kowloon City Centre	HK	194290
Kozhikode	IN	550440
Kragujevac	RS	147473
Krakow	PL	816614
Kramatorsk	UA	147145
Krasnodar	RU	899541
Krasnogvargeisky	RU	337091
Krasnoyarsk	RU	1090811
Krefeld	DE	237984
Kremenchuk	UA	224997
Kresek	ID	110182
Kreuzberg	DE	153135
Krishnanagar	IN	145926
Kristiansand	NO	117237
Kroonstad	ZA	117152
Kropyvnytskyi	UA	219676
Krugersdorp	ZA	378821
Kryvyy Rih	UA	603904
Ksar El Kebir	MA	138262
Kuala Krai	MY	105007
Kuala Kubu Baharu	MY	194387
Kuala Lumpur	MY	1453975
Kuala Terengganu	MY	426500
Kuantan	MY	548014
Kuching	MY	402738
Kuecuekcekmece	TR	792030
Kuetahya	TR	185008
Kufa	IQ	110000
Kukatpally	IN	341709
Kukichuo	JP	150582
Kulim	MY	170889
Kulob	TJ	214700
Kulti	IN	305405
Kumagaya	JP	195277
Kumamoto	JP	738907
Kumarapalayam	IN	195071
Kumasi	GH	2544530
Kumba	CM	225046
Kumbakonam	IN	167155
Kumbo	CM	125124
Kunduz	AF	161902
Kuningan	ID	111742
Kunming	CN	5950578
Kunri	PK	237063
Kunshan	CN	2092496
Kuntsevo	RU	147497
Kuopio	FI	125462
Kupang	ID	474801
Kurashiki	JP	483576
Kure	JP	214592
Kurgan	RU	309285
Kurichchi	IN	123667
Kurnool	IN	460184
Kursk	RU	448733
Kurume	JP	303579
Kusatsu	JP	143913
Kushinagar	IN	274403
Kushiro	JP	167875
Kushtia	BD	135724
Kutaisi	GE	135201
Kuwana	JP	140051
Kuz'minki	RU	143000
KwaDukuza	ZA	161177
Kwai Chung	HK	331600
Kwekwe	ZW	119863
Ky Anh	VN	150226
Kyaukpyu	MM	180000
Kyauktan	MM	132765
Kyengera	UG	285400
Kyimyindine	MM	111514
Kyiv	UA	2952301
Kyivskyi	UA	182900
Kyivskyi	UA	139177
Kyivskyi	UA	110600
Kyoto	JP	1463723
Kyzyl	RU	116983
Kyzylorda	KZ	354800
L'Hospitalet de Llobregat	ES	257038
La Ceiba	HN	222055
La Ceiba	HN	215973
La Cite-Limoilou	CA	108415
La Concepcion	VE	120478
La Gi	VN	160652
La Laguna	ES	150661
La Paz	BO	2004652
La Paz	MX	250141
La Pintana	CL	201178
La Plata	AR	195443
La Rioja	AR	178872
La Romana	DO	208437
La Serena	CL	154521
La Trinidad	PH	142925
La Vega	DO	102426
La Victoria	VE	126721
Laayoune	EH	196331
Labe	GN	107571
Labuan Bajo	ID	188724
Ladysmith	ZA	143446
Laferrere	AR	248362
Lafia	NG	127236
Lafiagi	NG	102779
Lagarto	BR	101579
Lages	BR	172458
Laghouat	DZ	134372
Lagos	NG	15388000
Lahad Datu	MY	105622
Lahan	NP	102955
Lahijan	IR	101073
Lahore	PK	13004135
Lahti	FI	121622
Laibin	CN	910282
Laiwu	CN	989535
Laixi	CN	341470
Laiyang	CN	872000
Laizhou	CN	188000
Lajeado	BR	164391
Lak Si	TH	109770
Lakhimpur	IN	140223
Lal Bahadur Nagar	IN	261987
Lalitpur	IN	126475
Lambare	PY	126377
Lampa	CL	102234
Lampang	TH	156139
Lander	VE	176346
Lang Son	VN	200108
Lang'ata	KE	172569
Langfang	CN	868066
Langley	CA	132603
Langsa	ID	184016
Lanus	AR	212252
Lanzhou	CN	4359446
Lao Cai	VN	130671
Laoag	PH	112117
Laohekou	CN	241431
Lapu-Lapu City	PH	497813
Larache	MA	136505
Larisa	GR	146926
Larkana	PK	364033
Las Palmas de Gran Canaria	ES	383516
Las Pinas	PH	615549
Las Tunas	CU	203684
Lashio	MM	131000
Lasnamaee	EE	115008
Lat Krabang	TH	163175
Lat Phrao	TH	122182
Latacunga	EC	205624
Latakia	SY	709000
Latina	ES	256644
Latkrabang	TH	173987
Latur	IN	382940
Lauro de Freitas	BR	203331
Lausanne	CH	139111
Laval	CA	438366
Lavras	BR	110682
Lawang	ID	112540
Layyah	PK	151274
Le Havre	FR	185972
Le Mans	FR	144515
Le Plateau-Mont-Royal	CA	105813
Le Vieux-Longueuil	CA	135218
Lecheng	CN	124268
Leeds	GB	536280
Leeuwarden	NL	124481
Leganes	ES	188425
Legaspi	PH	179481
Legnica	PL	106033
Leicester	GB	368600
Leiden	NL	119713
Leipzig	DE	504971
Leiria	PT	128640
Leiyang	CN	129116
Lekki	NG	401272
Lembang	ID	183130
Leme	BR	101537
Lengshuijiang	CN	198299
Leninsk-Kuznetsky	RU	109023
Leogane	HT	134190
Leon	NI	144538
Leon	ES	124772
Leon de los Aldama	MX	1579803
Les Cayes	HT	125799
Leshan	CN	662814
Lethbridge	CA	103197
Leuven	BE	101032
Leverkusen	DE	162738
Levis	CA	143414
Lhasa	CN	867900
Lhoka	CN	353700
Lhokseumawe	ID	200876
Lianghu	CN	155000
Liangping	CN	137620
Lianhe	CN	121367
Lianjiang	CN	1363470
Lianshan	CN	313247
Lianyungang	CN	2001009
Liaocheng	CN	1229768
Liaoyang	CN	687890
Liaozhong	CN	395017
Liberec	CZ	102951
Libertad	PH	250353
Libreville	GA	846090
Licheng	CN	172775
Lichinga	MZ	281341
Lichuan	CN	120587
Lida	BY	103262
Liege	BE	195278
Lijiang	CN	211151
Likasi	CD	635768
Lille	FR	238695
Lilongwe	MW	1115815
Lima	PE	7737002
Limassol	CY	154000
Limbe	CM	131381
Limeira	BR	291869
Limerick	IE	102287
Limoges	FR	141176
Limuru	KE	159314
Lincang	CN	323708
Lincoln	GB	103813
Linfen	CN	959198
Lingyuan	CN	646000
Linhares	BR	183797
Linkoeping	SE	166673
Linqu	CN	299646
Linshui	CN	109955
Linxi	CN	100316
Linxia Chengguanzhen	CN	274466
Linyi	CN	2743843
Linz	AT	204846
Lipa City	PH	212287
Lipetsk	RU	509735
Lira	UG	119323
Lisala	CD	117464
Lisbon	PT	517802
Lishui	CN	451418
Liupanshui	CN	1320825
Liuzhi	CN	138826
Liuzhou	CN	1436599
Liverpool	GB	496770
Livingstone	ZM	178361
Livoberezhnyi	UA	122175
Livorno	IT	157017
Lizhi	CN	156753
Ljubljana	SI	272220
Lleida	ES	140797
Lo Prado	CL	104316
Loa Janan	ID	212816
Lobito	AO	393079
Lodhran	PK	144512
Lodz	PL	639890
Logan City	AU	345098
Logrono	ES	151164
Loja	EC	274112
Lomas de Zamora	AR	111897
Lome	TG	2188376
London	GB	8961989
London	CA	422324
Londrina	BR	581382
Long Bien	VN	347829
Long Khanh	VN	171276
Long Xuyen	VN	286140
Longfeng	CN	152074
Longgang	CN	215273
Longjiang	CN	106384
Longjing	CN	117185
Longling County	CN	270000
Longshan	CN	465249
Longshui	CN	121609
Longueuil	CA	229330
Longyan	CN	1025087
Loni	IN	516082
Los Angeles	CL	125430
Los Banos	PH	117030
Los Mochis	MX	256613
Los Puertos de Altagracia	VE	101527
Los Rastrojos	VE	100497
Los Teques	VE	252242
Loudi	CN	497171
Louga	SN	113365
Lower Hutt	NZ	114200
Lu'an	CN	1644344
Luancheng	CN	597130
Luanda	AO	2776168
Luanshya	ZM	193293
Lubango	AO	600751
Lublin	PL	336339
Lubuklinggau	ID	234166
Lubumbashi	CD	2221925
Lucapa	AO	110000
Lucena	PH	228758
Lucknow	IN	2472011
Ludhiana	IN	1618879
Ludwigshafen am Rhein	DE	163196
Luebeck	DE	212207
Lueliang	CN	3346500
Luena	AO	273675
Lugazi	UG	128400
Luhansk	UA	397677
Luis Eduardo Magalhaes	BR	107909
Lumajang	ID	123626
Luodian	CN	118323
Luohe	CN	1294974
Luohu District	CN	1143801
Luojiang	CN	212186
Luoyang	CN	1390581
Luoyang	CN	123144
Lusail	QA	198600
Lusaka	ZM	2212301
Lushui	CN	197000
Luton	GB	225262
Lutsk	UA	215986
Luxor	EG	422407
Luzhou	CN	998900
Luziania	BR	221262
Lviv	UA	717273
Lyon	FR	520774
Lyon 03	FR	102725
Lyubertsy	RU	154650
Lyublino	RU	172000
M'Sila	DZ	132975
Ma On Shan	HK	215200
Ma'anshan	CN	741531
Maastricht	NL	122378
Maba	CN	113609
Mabalacat City	PH	188050
Mabopane	ZA	110972
Macae	BR	264439
Macapa	BR	512902
Macau	MO	649335
Maceio	BR	1031597
Machala	EC	289141
Macheng	CN	435076
Machida	JP	431079
Machilipatnam	IN	192827
Machiques	VE	132734
Madanapalle	IN	180180
Madhavaram	IN	119105
Madhurampur Dehri	IN	137231
Madhyamgram	IN	161126
Madhyapur Thimi	NP	119955
Madinah	SA	1300000
Madinat Hamad	BH	133550
Madinat an Nasr	EG	668413
Madiun	ID	202544
Madrid	ES	3255944
Madrid	CO	135000
Madrid Centro	ES	149718
Madurai	IN	1465625
Maebashi	JP	332149
Magangue	CO	123982
Magdalena Contreras	MX	238431
Magdeburg	DE	244329
Mage	BR	244142
Magelang	ID	128709
Maghaghah	EG	118223
Magnitogorsk	RU	413351
Magugpo Poblacion	PH	233254
Mahabad	IR	168393
Mahajanga	MG	260556
Maharagama	LK	195355
Mahbubnagar	IN	190400
Mahesana	IN	190753
Maheshtala	IN	448317
Mahilyow	BY	352896
Maianga	AO	727681
Maicao	CO	166603
Maidstone	GB	107627
Maiduguri	NG	1110000
Maijdi	BD	132185
Mailsi	PK	125431
Mainz	DE	222889
Maipu	CL	503635
Mairipora	BR	101937
Majie	CN	131696
Makassar	ID	1474393
Makati City	PH	510383
Makhachkala	RU	596356
Makiyivka	UA	338968
Makkah	SA	1578722
Makumbako	TZ	116232
Makurdi	NG	390000
Malabo	GQ	155963
Malabon	PH	365525
Malacca	MY	579000
Malaga	ES	592346
Malakal	SS	160765
Malambo	CO	129148
Malang	ID	889359
Malanje	AO	455000
Malappuram	IN	101386
Malatia-Sebastia	AM	150500
Malatya	TR	750491
Malayer	IR	170237
Malda	IN	170039
Maldonado	UY	102000
Male	MV	103693
Malegaon	IN	481228
Maler Kotla	IN	135424
Malindi	KE	119859
Malingao	PH	1121974
Malir Cantonment	PK	300000
Malita	PH	118438
Malkajgiri	IN	150000
Mallawi	EG	212628
Malmoe	SE	362133
Malolos	PH	269809
Maltepe	TR	427040
Man	CI	241969
Man'gyongdae-ri	KP	321690
Manacapuru	BR	111751
Manado	ID	458582
Managua	NI	973087
Manama	BH	147074
Manas	KG	123239
Manaus	BR	2219580
Manchester	GB	568996
Mandalay	MM	1208099
Mandaluyong	PH	425000
Mandaluyong City	PH	465902
Mandaqui	BR	103665
Mandaue City	PH	331320
Mandera	KE	114718
Mandi Bahauddin	PK	129733
Mandimba	MZ	118922
Mandoli	IN	120417
Mandsaur	IN	141667
Mandurah	AU	107643
Mandya	IN	137358
Maneah	GN	194297
Manfalut	EG	117925
Mangalagiri	IN	107197
Mangaluru	IN	499487
Mango	IN	223805
Manila	PH	1600000
Manisa	TR	243971
Manizales	CO	434403
Manjhand	PK	140766
Mannheim	DE	307960
Manokwari	ID	132300
Manolo Fortich	PH	118075
Manp'o	KP	116760
Mansa	ZM	170965
Mansfield	GB	171958
Mansilingan	PH	454150
Manta	EC	264281
Mantampay	PH	265032
Mantilla	CU	206918
Manukau City	NZ	362000
Manzanillo	MX	159853
Manzanillo	CU	128188
Manzini	SZ	110537
Maoming	CN	1307802
Maputo	MZ	1254837
Mar del Plata	AR	593337
Mar'ino	RU	243000
Maraba	BR	283542
Maracaibo	VE	1752602
Maracanau	BR	251613
Maracay	VE	464700
Maradi	NE	361702
Maragheh	IR	262604
Maragheh	IR	262604
Maramag	PH	109864
Maran	MY	111056
Marand	IR	124191
Maranguape	BR	108622
Marawi City	PH	259993
Marbella	ES	156295
Marcory	CI	214061
Mardan	PK	300424
Mardin	TR	129864
Marg'ilon	UZ	253500
Marianao	CU	134057
Mariara	VE	116142
Marica	BR	211986
Marienthal	DE	287101
Marikina City	PH	471323
Marilia	BR	237627
Maringa	BR	409657
Marituba	BR	119437
Mariupol	UA	230000
Marivan	IR	136654
Mariveles	PH	156200
Marka	SO	230100
Markham	CA	338503
Marne La Vallee	FR	318325
Maroua	CM	314122
Marrakesh	MA	995871
Marsa Matruh	EG	176498
Marseille	FR	877215
Martapura	ID	131449
Marugame	JP	109513
Marvdasht	IR	148858
Mary	TM	167027
Marzahn	DE	111508
Masai	MY	141730
Masaka	UG	116600
Masan	KR	434371
Masaya	NI	130113
Mascara	DZ	108629
Maseru	LS	359753
Mashhad	IR	2307177
Masina	CD	485167
Masindi	UG	110500
Masjed Soleyman	IR	100497
Matadi	CD	425662
Matagalpa	NI	109089
Matanzas	CU	146733
Mataram	ID	441147
Mataro	ES	126988
Mathura	IN	330511
Mati	PH	105908
Matola	MZ	1198988
Matsubara	JP	130855
Matsudo	JP	498575
Matsue	JP	203616
Matsumoto	JP	241145
Matsusaka	JP	159145
Matsuto	JP	110408
Matsuyama	JP	511192
Matuga	KE	194252
Maturin	VE	647459
Mau	IN	246050
Maua	BR	418261
Mawlamyine	MM	438861
Maxixe	MZ	126408
Maykop	RU	141970
Mazabuka	ZM	104412
Mazar-e Sharif	AF	523300
Mazatlan	MX	381583
Mazyr	BY	104517
Mbake	SN	101451
Mbale	UG	111300
Mbandaka	CD	455011
Mbanza Kongo	AO	148000
Mbanza-Ngungu	CD	142773
Mbarara	UG	221300
Mbeya	TZ	541603
Mbombela	ZA	110159
Mbour	SN	284189
Mbuji-Mayi	CD	2101332
Mdantsane	ZA	205504
Medan	ID	2486283
Medea	DZ	145441
Medellin	CO	1999979
Medina Estates	GH	101207
Medinipur	IN	153349
Meerut	IN	1223184
Meguro	JP	288088
Meiktila	MM	177442
Meishan	CN	1107742
Meizhou	CN	992351
Mejicanos	SV	160317
Mek'ele	ET	457900
Meknes	MA	568295
Melbourne	AU	5435590
Melitopol	UA	148851
Mendip	GB	110000
Mendoza	AR	114893
Mengmao	CN	112578
Mengzi	CN	595100
Menongue	AO	251178
Mentougou	CN	197772
Merauke	ID	116864
Mercier-Hochelaga-Maisonneuve	CA	142753
Merida	MX	1201000
Merida	VE	300000
Merkezefendi	TR	280341
Merlo	AR	268961
Mersin	TR	537842
Messina	IT	219948
Mestre	IT	147662
Metro	ID	182293
Metz	FR	123914
Mexicali	MX	1032686
Mexico City	MX	12294193
Meycauayan	PH	228023
Mezhdurechensk	RU	101026
Mian Channun	PK	140112
Miandoab	IR	134425
Mianeh	IR	106291
Mianwali	PK	129500
Mianyang	CN	1550000
Mianzhu, Deyang, Sichuan	CN	510000
Miass	RU	167500
Middelburg	ZA	196263
Middlesbrough	GB	142707
Midsayap	PH	117365
Miguel Hidalgo	MX	372889
Milagro	EC	133508
Milan	IT	1371498
Milton	CA	132979
Milton Keynes	GB	256385
Minamirinkan	JP	224015
Minatitlan	MX	112046
Minato	JP	375339
Minato City	JP	260486
Mingachevir	AZ	106048
Mingala Tangnyunt	MM	132494
Mingaladon	MM	136000
Mingguang	CN	645000
Mingora	PK	361112
Mingshui	CN	114858
Minhang	CN	2716600
Minna	NG	425000
Minoh	JP	136868
Minsk	BY	1742124
Minya	EG	283605
Miraflores	PE	187401
Miramar	MX	118614
Miri	MY	300543
Mirpur Khas	PK	267833
Mirpur Model Thana	BD	546503
Miryalaguda	IN	104918
Mirzapur	IN	220029
Misato, Saitama	JP	142145
Mishima	JP	107851
Miskolc	HU	154521
Misratah	LY	355657
Mississauga	CA	717961
Mit Ghamr	EG	153754
Mito	JP	270685
Mitrovice	XK	107045
Mitte	DE	102338
Mityana	UG	105200
Mixco	GT	465773
Miyakonojo	JP	161137
Miyazaki	JP	401339
Mlolongo	KE	136351
Moanda	CD	128804
Mocuba	MZ	196001
Modakeke	NG	119529
Model Town	PK	100000
Modena	IT	184732
Modinagar	IN	475843
Moenchengladbach	DE	261742
Moeng Yang	MM	117108
Moers	DE	103487
Moga	IN	163397
Mogadishu	SO	2587183
Mogi Guacu	BR	160318
Mogi das Cruzes	BR	325746
Mohali	IN	166864
Mohammad Shahr	IR	119418
Mohammadpur	BD	527571
Mohammedia	MA	227799
Mojokerto	ID	141785
Mokopane	ZA	101090
Mokotow	PL	217683
Mokpo	KR	268402
Mombasa	KE	1208333
Moncloa-Aravaca	ES	116531
Monclova	MX	215271
Mong Cai	VN	108553
Mongu	ZM	111450
Monrovia	LR	1542549
Monteria	CO	490935
Monterrey	MX	1135512
Montes Claros	BR	437601
Montevideo	UY	1270737
Montpellier	FR	248252
Montreal	CA	1762949
Montreuil	FR	111240
Monywa	MM	182011
Monza	IT	124398
Mopti	ML	186187
Moradabad	IN	721139
Moratalaz	ES	104923
Moratuwa	LK	168280
Morelia	MX	743275
Morena	IN	200482
Moreno	AR	148290
Moriguchi	JP	143096
Morioka	JP	290700
Mormugao	IN	102345
Moro	PK	142685
Morogoro	TZ	471409
Morvi	IN	210451
Moscow	RU	10381222
Moshi	TZ	221733
Mosquera	CO	128012
Mossamedes	AO	255000
Mossoro	BR	264577
Mostaganem	DZ	162885
Mostar	BA	104518
Mostoles	ES	207095
Mosul	IQ	1683000
Mothihari	IN	126158
Motijheel	BD	202308
Moundou	TD	196124
Mpanda	TZ	204338
Mpumalanga	ZA	140121
Mthatha	ZA	164848
Mtwara	TZ	140793
Mu-se	MM	165022
Muar	MY	314776
Mubende	UG	121600
Mubi	NG	225705
Mudanjiang	CN	665915
Mueang Nonthaburi	TH	254375
Muelheim	DE	173050
Muenster	DE	308258
Mufulira	ZM	169136
Mukalla	YE	594951
Mukim Pulai	MY	505661
Mukono	UG	191300
Muktsar	IN	116747
Mulenvos	AO	882014
Mulhouse	FR	111430
Multan	PK	2169915
Mulugu	IN	297671
Mumbai	IN	12691836
Munger	IN	213303
Munich	DE	1505005
Muntinlupa	PH	552225
Munuf	EG	125707
Muratpasa	TR	450000
Murcia	ES	471982
Muriae	BR	108447
Muricay	PH	132094
Muridke	PK	254291
Murmansk	RU	295374
Murom	RU	126931
Murwara	IN	221883
Musaffah	AE	243341
Musanze	RW	153368
Musashino	JP	150149
Muscat	OM	797000
Mushin	NG	199000
Musoma	TZ	164172
Mustafabad	IN	127167
Mustafakemalpasa	TR	101412
Mutare	ZW	224802
Muzaffarabad	PK	725000
Muzaffargarh	PK	235541
Muzaffarnagar	IN	349706
Muzaffarpur	IN	354462
Mwala	KE	181896
Mwanza	TZ	1104521
Mwene	CD	295683
Mwene-Ditu	CD	189177
My Hao	VN	115608
My Tho	VN	270700
Myeik	MM	173298
Myingyan	MM	141713
Mykilska Borshchahivka	UA	127400
Mykolayiv	UA	470011
Mymensingh	BD	225126
Mysuru	IN	920550
Mytishchi	RU	160542
Mzuzu	MW	249564
N'Djamena	TD	1359526
N'dalatando	AO	161584
NIA Valencia	PH	223620
Nabatiye et Tahta	LB	120000
Naberezhnyye Chelny	RU	509870
Nablus	PS	130326
Nacala	MZ	239808
Nada	CN	256652
Nadiad	IN	225071
Nador	MA	176600
Naga	PH	174931
Naga	PH	138727
Nagahama	JP	113636
Nagano	JP	372760
Nagaoka	JP	266936
Nagaon	IN	121628
Nagapattinam	IN	102905
Nagar Naluakot	BD	273000
Nagareyama	JP	200136
Nagarpur	BD	238422
Nagasaki	JP	409118
Nagaur	IN	105218
Nagda	IN	103501
Nagercoil	IN	224849
Nagoya	JP	2332176
Nagpur	IN	2405665
Naha	JP	317625
Nahiyat al Iskandariyah	IQ	100600
Naihati	IN	253221
Nairobi	KE	4397073
Naivasha	KE	198444
Najaf	IQ	482576
Najafabad	IR	235281
Najafgarh	IN	1365000
Najran	SA	505652
Nakano	JP	344880
Nakhodka	RU	146920
Nakhon Pathom	TH	117927
Nakhon Ratchasima	TH	126391
Nakhon Si Thammarat	TH	102152
Nakuru	KE	570674
Nalchik	RU	239300
Nalgonda	IN	154326
Nam GJinh	VN	448225
Namangan	UZ	713220
Namp'o	KP	455000
Nampula	MZ	770379
Namur	BE	110939
Nanbin	CN	118597
Nanchang	CN	2357839
Nanchong	CN	1858875
Nanchuan	CN	204775
Nancun	CN	124210
Nancy	FR	105058
Nanded	IN	550564
Nandurbar	IN	111037
Nandyal	IN	211424
Nangloi Jat	IN	205596
Nanhai	CN	3667247
Nanjin	CN	143766
Nanjing	CN	9314685
Nankana Sahib	PK	130041
Nanning	CN	5977185
Nanpiao	CN	157044
Nanping	CN	467875
Nanqiao	CN	361185
Nansana	UG	532800
Nantes	FR	325070
Nantong	CN	2273326
Nantou	CN	130370
Nantou	TW	105682
Nanyang	CN	1811812
Naples	IT	909048
Nara-shi	JP	367353
Narasaraopet	IN	117489
Narashino	JP	176197
Narayanganj	BD	223622
Narela	IN	800000
Narita	JP	132906
Narmadapuram	IN	117988
Narowal	PK	130692
Narsingdi	BD	281080
Nashik	IN	1486053
Nasim Shahr	IR	200393
Nasimshahr	IR	200393
Nasiriyah	IQ	558400
Nassau	BS	227940
Nasushiobara	JP	115794
Natal	BR	896708
Natore	BD	369138
Naucalpan de Juarez	MX	834434
Navadwip	IN	111123
Navegantes	AO	240075
Navi Mumbai	IN	2600000
Navoiy	UZ	144158
Navojoa	MX	113836
Navotas	PH	249463
Navsari	IN	171109
Nawabganj	BD	142361
Nawabshah	PK	363138
Nay Pyi Taw	MM	925000
Nazarabad	IR	213388
Nazilli	TR	119370
Nazran	RU	164131
Nazret	ET	456900
Ndola	ZM	627503
Neftekamsk	RU	126805
Nefteyugansk	RU	112632
Negara	ID	100074
Negombo	LK	137223
Nehe	CN	108253
Neihu	TW	274538
Neijiang	CN	1251095
Neili	TW	112845
Neiva	CO	357392
Nek'emte	ET	156000
Nellore	IN	547621
Nemyshlyanskyi	UA	144200
Nepalgunj	NP	166258
Nepean	CA	180000
Netanya	IL	228204
Neue Neustadt	DE	226851
Neukoelln	DE	164636
Neuquen	AR	231198
Neuss	DE	152457
Nevinnomyssk	RU	134345
New Cairo	EG	313139
New Delhi	IN	317797
New Kingston	JM	583958
New Mirpur City	PK	124352
New Taipei City	TW	4004367
New Territories	HK	3984077
Newcastle	AU	508437
Newcastle	ZA	404838
Newcastle under Lyme	GB	127727
Newcastle upon Tyne	GB	300125
Newport	GB	161506
Newton	CA	159390
Neyagawa	JP	238549
Neyshabur	IR	220929
Neyveli	IN	179150
Nga Bay	VN	101192
Ngaoundere	CM	238196
Nghi Son	VN	302210
Ngong	KE	102323
Nguru	NG	111014
Nha Trang	VN	579000
Niamey	NE	1323691
Nianbo	CN	260184
Nice	FR	342669
Nicolas Romero	MX	281799
Nicosia	CY	200452
Nigel	ZA	140644
Niigata	JP	797591
Niihama	JP	123059
Niiza	JP	166017
Nijmegen	NL	177359
Nikopol	UA	105160
Nilopolis	BR	155500
Niluefer	TR	536365
Nimach	IN	128561
Nimes	FR	148236
Ning'er	CN	162711
Ningbo	CN	3731203
Ningde	CN	429260
Ninh Hoa	VN	230566
Nippes	DE	113487
Nis	RS	250000
Nishi-Tokyo-shi	JP	207388
Nishinomiya	JP	485587
Nishio	JP	169984
Niteroi	BR	515317
Nizamabad	IN	311152
Nizhnekamsk	RU	234297
Nizhnevartovsk	RU	244937
Nizhniy Novgorod	RU	1259013
Nizhny Tagil	RU	381116
Njeru	UG	178800
Nkayi	CG	103000
Nkongsamba	CM	162309
Nkpor	NG	103733
Nnewi	NG	193987
Nobeoka	JP	119521
Noda	JP	154114
Nogales	MX	264782
Noginsk	RU	115979
Noida	IN	293908
Nong Chok	TH	157138
Nong Khaem	TH	150218
Noord	NL	116777
Nor Nork	AM	137300
Norilsk	RU	140800
North Shore	NZ	258697
Northampton	GB	245899
Norwich	GB	143135
Norzagaray	PH	140697
Nossa Senhora de Fatima	CN	126000
Nossa Senhora do Socorro	BR	204081
Nottingham	GB	323632
Nou Barris	ES	166310
Nouadhibou	MR	146048
Nouakchott	MR	1184530
Nova Friburgo	BR	189939
Nova Iguacu	BR	843046
Nova Lima	BR	120959
Nova Serrana	BR	114791
Nova Vida	AO	464985
Novara	IT	101916
Novi Beograd	RS	209763
Novi Sad	RS	215400
Novo Gama	BR	107663
Novo Hamburgo	BR	253841
Novo-Peredelkino	RU	115536
Novobavarskyi	UA	108100
Novocheboksarsk	RU	128468
Novocherkassk	RU	166974
Novokuybyshevsk	RU	111800
Novokuznetsk	RU	539616
Novomoskovsk	RU	130982
Novorossiysk	RU	241856
Novosibirsk	RU	1612833
Novotroitsk	RU	106186
Novozavodskyi	UA	179600
Novyye Cheremushki	RU	101000
Novyye Kuz'minki	RU	143000
Nowrangapur	IN	1220946
Noyabrsk	RU	110000
Nsukka	NG	111017
Ntuzuma	ZA	125394
Nuevo Laredo	MX	416055
Nukus	UZ	332500
Numazu	JP	189486
Nunoa	CL	255823
Nuremberg	DE	515543
Nusantara	ID	147430
Nyagatare	RW	100000
Nyala	SD	565734
Nyingchi	CN	200000
Nyiregyhaza	HU	117689
Nyzhnodniprovsk	UA	160123
Nzega	TZ	125193
Nzerekore	GN	226426
O Mon	VN	129683
OErebro	SE	155989
Oakville	CA	213759
Oaxaca	MX	255029
Obalende	NG	342000
Oberhausen	DE	219176
Obihiro	JP	166536
Obninsk	RU	107392
Obolon	UA	239500
Obuase	GH	179604
Ocana	CO	101158
Ochakovo-Matveyevskoye	RU	114000
Ocumare del Tuy	VE	166072
Odawara	JP	188856
Odense	DK	180863
Odesa	UA	1010537
Odintsovo	RU	137041
Offa	NG	113830
Offenbach	DE	119192
Ogaki	JP	161539
Ogbomoso	NG	433030
Oita	JP	477715
Ojo de Agua	MX	386290
Okara	PK	533693
Okayama	JP	724691
Okazaki	JP	384654
Okene	NG	479178
Okigwe	NG	115499
Okinawa	JP	142752
Okrika	NG	133271
Oktyabrsky	RU	108200
Olanchito	HN	124286
Oldenburg	DE	159218
Oldham	GB	237110
Oleksandrivskyi	UA	100330
Oleksiyivka	UA	100500
Olinda	BR	364717
Olmaliq	UZ	133400
Olongapo	PH	221178
Olsztyn	PL	169793
Omdurman	SD	1849659
Ome	JP	133535
Omsk	RU	1172070
Omuta	JP	131974
Ondjiva	AO	121537
Ondo	NG	375000
Ongata Rongai	KE	172569
Ongole	IN	208344
Onitsha	NG	1553000
Onojo	JP	102085
Onomichi	JP	131170
Ooty	IN	233426
Opole	PL	127676
Oradea	RO	183105
Orai	IN	158265
Oral	KZ	330000
Oran	DZ	803329
Ordos	CN	2153638
Ordu	TR	229214
Orekhovo-Borisovo	RU	144000
Orekhovo-Borisovo Severnoye	RU	128000
Orekhovo-Zuyevo	RU	120000
Orel	RU	303696
Orenburg	RU	564773
Orihuela	ES	101321
Orizaba	MX	123182
Orkney	ZA	110052
Orleans	CA	125937
Orleans	FR	116344
Ormoc	PH	238545
Orsha	BY	101662
Orsk	RU	246836
Orumiyeh	IR	577307
Oruro	BO	208684
Osaka	JP	2753862
Osaki	JP	128763
Osan	KR	238788
Osasco	BR	728615
Osh	KG	322164
Oshawa	CA	175383
Oshodi	NG	170870
Oshu	JP	112937
Oslo	NO	1082575
Osmaniye	TR	202837
Osnabrueck	DE	166462
Osogbo	NG	645000
Osorno	CL	135773
Ostrava	CZ	280853
Ota	JP	748081
Ota	NG	251546
Ota	JP	224358
Otaru	JP	115333
Otsu	JP	345070
Ottakring	AT	104627
Ottawa	CA	1017449
Ottawa South	CA	125090
Ouagadougou	BF	2415266
Ouahigouya	BF	124587
Ouargla	DZ	169928
Oued Zem	MA	104029
Oujda	MA	539711
Oulu	FI	216066
Ourense	ES	105233
Ourinhos	BR	103970
Oviedo	ES	220027
Owerri	NG	545000
Owo	NG	276574
Oxford	GB	162100
Oyama	JP	167647
Oyo	NG	736072
P'yongsong	KP	100000
Paarl	ZA	236910
Pabna	BD	186781
Pachuca de Soto	MX	256584
Paco do Lumiar	BR	155307
Padalarang	ID	193114
Padang	ID	942938
Padangsidempuan	ID	243843
Paderborn	DE	142161
Padua	IT	203725
Paech'on-up	KP	159825
Paek'ak	KP	125924
Pagadian	PH	206483
Pailou	CN	104351
Pak Kret	TH	190272
Pakdasht	IR	236319
Pakokku	MM	126938
Pakpattan	PK	126706
Palakkad	IN	132728
Palangkaraya	ID	318247
Palanpur	IN	141592
Palembang	ID	1801367
Palermo	IT	648260
Palermo	AR	249016
Palhoca	BR	222598
Pali	IN	230075
Pallabi	BD	597574
Pallavaram	IN	233984
Palma	ES	438234
Palma Soriano	CU	102826
Palmas	BR	306296
Palmira	CO	312519
Palo Negro	VE	128875
Palopo	ID	184961
Paltan	BD	184492
Palu	ID	389959
Palwal	IN	131926
Pamanukan	ID	114290
Pamplona	ES	208243
Pamulang	ID	174557
Panabo	PH	211242
Panalanoy	PH	189090
Panama City	PA	408168
Panchkula	IN	211355
Pandi	PH	162725
Pandit Deen Dayal Upadhyaya Nagar	IN	109650
Pangkalanbuun	ID	108814
Pangkalpinang	ID	226297
Panguila	AO	158068
Panihati	IN	378705
Panipat	IN	295970
Paniqui	PH	106190
Panjin	CN	1166481
Pano Aqil	PK	102701
Panshan	CN	625040
Panvel	IN	195373
Panzhihua	CN	787177
Par Naogaon	BD	192464
Paragominas	BR	105550
Parakou	BJ	255478
Paramaribo	SR	223757
Parana	AR	247139
Paranagua	BR	150104
Paranaque City	PH	703245
Parauapebas	BR	305771
Parbhani	IN	307170
Pardis	IR	114249
Pare	ID	106007
Parelheiros	BR	153695
Parepare	ID	160309
Parintins	BR	101855
Paris	FR	2138551
Paris 11 Popincourt	FR	138170
Paris 11e Arrondissement	FR	144292
Paris 12 Reuilly	FR	138024
Paris 12e Arrondissement	FR	140311
Paris 13 Gobelins	FR	181271
Paris 13e Arrondissement	FR	177833
Paris 14 Observatoire	FR	136455
Paris 15 Vaugirard	FR	229713
Paris 16 Passy	FR	159386
Paris 17 Batignolles-Monceau	FR	159212
Paris 18 Buttes-Montmartre	FR	183127
Paris 19 Buttes-Chaumont	FR	178691
Paris 20 Menilmontant	FR	185140
Parla	ES	115611
Parma	IT	198292
Parnaiba	BR	170491
Parnamirim	BR	271713
Parsabad	IR	102996
Parung	ID	128905
Pasarkemis	ID	263289
Pasay	PH	416522
Paseh	ID	126181
Pasig City	PH	853050
Pasir Gudang	MY	534659
Pasir Mas	MY	230424
Pasir Puteh	MY	137400
Pasrur	PK	102717
Passo Fundo	BR	214811
Passos	BR	116951
Pasto	CO	392930
Pasuruan	ID	213469
Patan	NP	299283
Patan	IN	133737
Pathankot	IN	174306
Pathein	MM	237089
Pati	ID	107028
Patiala	IN	446246
Patna	IN	1684297
Patos de Minas	BR	159235
Patra	GR	168034
Pattaya	TH	116417
Pattoki	PK	113735
Paulinia	BR	110537
Paulista	BR	342167
Paulo Afonso	BR	119418
Pavlodar	KZ	329002
Pavlohrad	UA	101430
Paya Terubong	MY	226712
Payakumbuh	ID	139576
Pechersk	UA	100900
Pecs	HU	145347
Pedreira	BR	163586
Peicheng	CN	195363
Pekalongan	ID	324564
Pekanbaru	ID	1167599
Pelabuhanratu	ID	109523
Pelentong	MY	583640
Pelotas	BR	336150
Pemalang	ID	184149
Pematangsiantar	ID	279198
Pemba	MZ	232932
Penalolen	CL	241599
Pengpu	CN	152725
Pengze	CN	350000
Penza	RU	523553
Perbaungan	ID	157174
Percut	ID	311063
Perdizes	BR	102391
Pereira	CO	467269
Peristeri	GR	139981
Perling	MY	101263
Perm	RU	982419
Perpignan	FR	110706
Perth	AU	2384371
Perugia	IT	120137
Pervouralsk	RU	133600
Pescara	IT	119554
Peshawar	PK	4758762
Pest	HU	1001748
Petah Tiqva	IL	253529
Petaling Jaya	MY	807879
Petapa	GT	135447
Petare	VE	364684
Peterborough	GB	163379
Petionville	HT	376834
Petrogradka	RU	130455
Petrolina	BR	418444
Petropavl	KZ	200920
Petropavlovsk-Kamchatsky	RU	181216
Petropolis	BR	294926
Petrozavodsk	RU	279190
Petrzalka	SK	112380
Pforzheim	DE	119313
Phagwara	IN	100146
Phalaborwa	ZA	109468
Phan Rang-Thap Cham	VN	207998
Phan Thiet	VN	228536
Phasi Charoen	TH	122070
Phnom Penh	KH	1573544
Pho Yen	VN	231363
Phong GJien	VN	114820
Phool Nagar	PK	114530
Phra Pradaeng	TH	196129
Phu Ly	VN	136654
Phu My	VN	287055
Phu Quoc	VN	294419
Phu Quoc	VN	179480
Phuc Yen	VN	180000
Phusro	IN	185555
Piacenza	IT	103607
Piatra Neamt	RO	102688
Piedecuesta	CO	163362
Piedras Negras	MX	150178
Pietermaritzburg	ZA	839327
Pikine	SN	1170791
Pilibhit	IN	131008
Pilsen	CZ	187863
Pimpri	IN	1284606
Pimpri-Chinchwad	IN	1727692
Pinar del Rio	CU	186990
Pindamonhangaba	BR	172681
Pindi Bhattian	PK	493222
Pindiga	NG	106322
Pinetown	ZA	144026
Pingdingshan	CN	979130
Pingdu	CN	542234
Pingliang	CN	504848
Pingshan	CN	113631
Pingwu County	CN	180000
Pingxiang	CN	893550
Pingxiang	CN	129843
Pingyin	CN	374900
Pinhais	BR	117000
Pinsk	BY	123283
Piracicaba	BR	440835
Piraeus	GR	163688
Piranshahr	IR	168393
Piraquara	BR	118730
Pirituba	BR	179724
Pisa	IT	109960
Pita Kotte	LK	118179
Pitalito	CO	135711
Pitesti	RO	141275
Pithampur	IN	126200
Piura	PE	630000
Pizhou	CN	343421
Planaltina	BR	189412
Planaltina	BR	112304
Plano Piloto	BR	198697
Plaridel	PH	120939
Playa del Carmen	MX	149923
Plaza de la Revolucion	CU	139135
Pleiku	VN	114225
Plock	PL	127474
Ploiesti	RO	180540
Plovdiv	BG	329489
Plumbon	ID	167105
Plymouth	GB	260203
Poa	BR	103765
Poblacion	PH	124554
Pocos de Caldas	BR	172339
Podgorica	ME	236852
Podolsk	RU	179400
Pohang	KR	492041
Pointe-Noire	CG	1032000
Pokhara	NP	600051
Polokwane	ZA	272461
Poltava	UA	279593
Ponce	PR	137491
Ponnani	IN	105512
Ponta Grossa	BR	292177
Pontianak	ID	686019
Poole	GB	151500
Popayan	CO	318059
Por do Sol	BR	101866
Porbandar	IN	152760
Porlamar	VE	216234
Port Blair	IN	112050
Port Dickson	MY	119300
Port Harcourt	NG	2120000
Port Louis	MU	155226
Port Moresby	PG	283733
Port Said	EG	780515
Port Sudan	SD	489725
Port-Gentil	GA	164018
Port-au-Prince	HT	1234742
Port-de-Paix	HT	306217
Portmore	JM	102861
Porto	PT	252687
Porto Alegre	BR	1488252
Porto Seguro	BR	182630
Porto Velho	BR	548952
Porto-Novo	BJ	264320
Portoviejo	EC	321800
Portsmouth	GB	208100
Porz am Rhein	DE	113415
Posadas	AR	305874
Potchefstroom	ZA	178285
Potosi	BO	141251
Potsdam	DE	184754
Pouso Alegre	BR	162133
Poza Rica de Hidalgo	MX	185242
Poznan	PL	536151
Pozniaky	UA	104400
Prabumulih	ID	103470
Praga Poludnie	PL	179836
Prague	CZ	1165581
Praia	CV	137868
Praia Grande	BR	367400
Prato	IT	195089
Pravyi Bereh	UA	352088
Prayagraj	IN	1073438
Prenzlauer Berg Bezirk	DE	148878
Presidente Prudente	BR	234706
Presnenskiy	RU	122000
Preston	GB	313332
Pretoria	ZA	2112693
Pristina	XK	550000
Prizren	XK	171464
Probolinggo	ID	243746
Proddatur	IN	177797
Prokop'yevsk	RU	219000
Pskov	RU	210501
Pu'er	CN	296565
Pucallpa	PE	326040
Puchong	MY	375181
Pudong	CN	5681512
Puducherry	IN	657209
Pudukkottai	IN	117630
Puebla	MX	1692181
Puente Alto	CL	568106
Puente de Vallecas	ES	244151
Puerto Ayacucho	VE	125840
Puerto Barrios	GT	100593
Puerto Cabello	VE	174000
Puerto Cortez	HN	142311
Puerto La Cruz	VE	370000
Puerto Montt	CL	245902
Puerto Plata	DO	146000
Puerto Princesa	PH	222673
Puerto Vallarta	MX	224166
Pulandian	CN	104277
Pulilan	PH	111384
Pulong Santa Cruz	PH	126844
Punasa	IN	350000
Pune	IN	3124458
Punggol	SG	204150
Puning	CN	1998619
Puno	PE	128637
Punta Arenas	CL	117430
Punta Cana	DO	100023
Punta Cardon	VE	113999
Punto Fijo	VE	141729
Puqi	CN	132891
Puri	IN	200564
Purnia	IN	282248
Puruliya	IN	122533
Purwakarta	ID	179233
Purwodadi	ID	139387
Purwokerto	ID	230235
Pushkino	RU	102816
Putatan	PH	102146
Puthia	BD	159406
Putian	CN	1539389
Putuo	CN	1239100
Puxi	CN	6683712
Puyang	CN	3590000
Puyang	CN	655674
Puyang Chengguanzhen	CN	104994
Pyatigorsk	RU	142865
Pyay	MM	135308
Pyeongtaek	KR	364694
Pyin Oo Lwin	MM	117303
Pyongyang	KP	3222000
Qa'em Shahr	IR	204953
Qadirpur Ran	PK	200000
Qal'at Sukkar	IQ	110000
Qalyub	EG	156363
Qarchak	IR	251834
Qarshi	UZ	278300
Qasr Bin Ghashir	LY	100069
Qazvin	IR	333635
Qeladize	IQ	140688
Qianjiang	CN	179079
Qianjiang	CN	143727
Qiaotou	CN	114712
Qibao	CN	283352
Qina	EG	252883
Qingdao	CN	7172451
Qingnian	CN	110046
Qingpu	CN	1271424
Qingshan	CN	719255
Qingyang	CN	2125400
Qingyuan	CN	1738424
Qingzhou	CN	236406
Qinhuangdao	CN	759718
Qinzhou	CN	1296300
Qionghai	CN	528238
Qiqihar	CN	882364
Qitaihe	CN	345033
Qo'qon	UZ	259700
Qods	IR	309605
Qom	IR	900000
Quan Ba	VN	220375
Quan Bon	VN	199329
Quan GJuc Thinh	VN	132000
Quan Muoi	VN	399000
Quan Muoi Mot	VN	332536
Quan Nam	VN	187510
Quan Sau	VN	271050
Quang Ngai	VN	278496
Quanzhou	CN	1469157
Quarto Oggiaro	IT	182118
Quchan	IR	111752
Quebec	CA	531902
Queenstown	ZA	118599
Queenstown Estate	SG	101480
Queimados	BR	149093
Quelimane	MZ	349842
Queluz	PT	103399
Quetta	PK	1565546
Quetzaltenango	GT	180706
Quevedo	EC	213842
Quezon	PH	114521
Quezon City	PH	3084270
Qui Nhon	VN	519208
Quibdo	CO	129237
Quilicura	CL	210410
Quillacollo	BO	172405
Quilmes	AR	262379
Quilpue	CL	130263
Quito	EC	2781641
Qujing	CN	1408500
Qurayyat	SA	102903
Quthbullapur	IN	225816
Quzhou	CN	902767
Ra's Bayrut	LB	1251739
Rabak	SD	135281
Rabat	MA	1655753
Rach Gia	VN	459860
Radom	PL	226794
Raebareli	IN	186433
Rafah	PS	126305
Rafsanjan	IR	147680
Rahim Yar Khan	PK	517000
Raichur	IN	234073
Raiganj	IN	170252
Raigarh	IN	150019
Raipur	IN	1027264
Raj-Nandgaon	IN	163114
Raja Jang	PK	100000
Rajamahendravaram	IN	376333
Rajapalayam	IN	130442
Rajkot	IN	1390640
Rajpur Sonarpur	IN	424368
Rajshahi	BD	763580
Ramadi	IQ	223500
Ramagundam	IN	242979
Ramat Gan	IL	170822
Ramenki	RU	130000
Ramgundam	IN	452261
Ramiros	AO	323576
Ramna Maidan	BD	143677
Rampur	IN	296418
Rancagua	CL	212695
Ranchi	IN	1120374
Randburg	ZA	337053
Randfontein	ZA	133654
Ranebennur	IN	106406
Rangamati	BD	106069
Rangel	AO	190569
Rangkasbitung	ID	137041
Rangpur	BD	1031388
Raniganj	IN	217910
Raniganj	IN	131261
Ranipet	IN	264330
Rantauprapat	ID	103009
Ranyah	IQ	114173
Raposo Tavares	BR	117738
Ras Al Khaimah	AE	351943
Rasapudipalem	IN	1728128
Rasht	IR	594590
Ratlam	IN	264914
Raurkela Industrial Township	IN	216410
Rawalpindi	PK	3357612
Rawang	MY	199095
Rawson	AR	130258
Rayon KhTZ	UA	131000
Rayong	TH	106737
Reading	GB	318014
Recanto das Emas	BR	115550
Recife	BR	1653461
Recklinghausen	DE	122438
Red Deer	CA	100844
Regensburg	DE	151389
Reggio Calabria	IT	182455
Reggio nell'Emilia	IT	171944
Regina	CA	226404
Rehovot	IL	149392
Reims	FR	196565
Relizane	DZ	123255
Remscheid	DE	117118
Renala Khurd	PK	100054
Renca	CL	147151
Rengasdengklok	ID	201463
Rennes	FR	227830
Resende	BR	137697
Resistencia	AR	290793
Ressano Garcia	MZ	110000
Retiro	ES	126058
Reus	ES	103477
Reutlingen	DE	112627
Rewa	IN	235654
Rewari	IN	143021
Reykjavik	IS	118918
Reynosa	MX	589466
Riacho Fundo II	BR	105210
Ribeirao Pires	BR	115559
Ribeirao Preto	BR	698642
Ribeirao das Neves	BR	346971
Richards Bay	ZA	252968
Richmond	CA	209937
Richmond Hill	CA	202022
Riga	LV	742572
Rijeka	HR	107964
Rimini	IT	148688
Rio Branco	BR	419452
Rio Claro	BR	201418
Rio Cuarto	AR	157010
Rio Grande	BR	198935
Rio Pequeno	BR	131631
Rio Verde	BR	241494
Rio das Ostras	BR	168099
Rio de Janeiro	BR	6747815
Riobamba	EC	264048
Riohacha	CO	188014
Rionegro	CO	128153
Rishon LeTsiyyon	IL	258535
Rishra	IN	117014
Riviere-des-Prairies-Pointe-aux-Trembles	CA	113868
Rivne	UA	243873
Riyadh	SA	4205961
Rize	TR	119828
Rizhao	CN	661943
Robat Karim	IR	105393
Robertsonpet	IN	162230
Rodenkirchen	DE	110158
Rodriguez	PH	134432
Rohini	IN	860000
Rohtak	IN	374292
Rome	IT	2318895
Rondonopolis	BR	263708
Roodepoort	ZA	326416
Roorkee	IN	103894
Rosario	AR	948312
Rosario	PH	128352
Rosarito	MX	100660
Rosemont-La Petite-Patrie	CA	146501
Rosetta	EG	301795
Rostock	DE	198293
Rostov-on-Don	RU	1130305
Rotherham	GB	117618
Rotterdam	NL	868135
Rouen	FR	116331
Rouiba	DZ	117558
Rourkela	IN	273317
Roxas City	PH	185236
Rubtsovsk	RU	161065
Ruda Slaska	PL	146189
Rudnyy	KZ	124000
Rudrapur	IN	154554
Rufisque	SN	295459
Rufisque est	SN	221066
Rugao	CN	257400
Rui'an	CN	1125000
Ruiru	KE	490120
Ruqi	SO	148702
Ruse	BG	121168
Russeifa	JO	268237
Rustaq	OM	120000
Rustavi	GE	128249
Rustenburg	ZA	373695
Rutchenkivskyi	UA	168029
Ryazan'	RU	538962
Ryazanskiy	RU	101000
Rybinsk	RU	216724
Rybnik	PL	142510
Rzeszow	PL	198317
Sa Dec	VN	214610
Saaba	BF	136011
Saanich	CA	117735
Saarbruecken	DE	182971
Sabadell	ES	211734
Sabah as Salim	KW	139163
Sabanalarga	CO	102334
Sabara	BR	129380
Sabha	LY	149329
Sabt Alalayah	SA	100000
Sabya	SA	228375
Sabzevar	IR	243700
Sacaba	BO	180726
Sacoma	BR	261436
Saddiqabad	PK	274210
Sadr City	IQ	1211849
Safi	MA	336883
Saga	JP	233301
Sagamihara	JP	720780
Saguenay	CA	148886
Saham	OM	140000
Saharanpur	IN	484873
Saharsa	IN	156540
Sahiwal	PK	538344
Sahiwal	PK	538344
Sai Mai	TH	188123
Saida	DZ	142497
Saidpur	BD	199422
Saijo	JP	104791
Saint Peters	GB	125370
Saint Petersburg	RU	5351935
Saint-Denis	RE	154765
Saint-Etienne	FR	176280
Saint-Louis	SN	254171
Saint-Louis-de-Terrebonne	CA	119944
Saint-Marc	HT	266642
Saint-Paul	RE	105240
Saint-Quentin-en-Yvelines	FR	146598
Sainte-Foy	CA	111300
Saitama	JP	1324854
Sakado	JP	100275
Sakai	JP	826161
Sakakah	SA	128332
Sakata	JP	100273
Saki	NG	178677
Sakiet ed Daier	TN	125204
Sakiet ez Zit	TN	100000
Sakura	JP	173740
Salalah	OM	163140
Salamanca	MX	160682
Salamanca	ES	147707
Salamanca	ES	144825
Salaqi	CN	104090
Salatiga	ID	198971
Salavat	RU	159893
Sale	MA	972299
Sale Al Jadida	MA	200000
Salem	IN	917414
Salerno	IT	125797
Salford	GB	129794
Salihli	TR	119311
Salta	AR	520683
Saltillo	MX	709671
Saltivka	UA	409300
Saltivskyi	UA	302600
Salto	BR	141111
Salto	UY	114084
Salvador	BR	2711840
Salvaleon de Higueey	DO	123787
Salzburg	AT	157245
Salzgitter	DE	104970
Sam Son	VN	129801
Samalut	EG	142009
Samambaia	BR	218840
Samandag	TR	123447
Samara	RU	1163399
Samarinda	ID	865306
Samarkand	UZ	595200
Samarra'	IQ	158508
Samba	AO	364986
Sambalpur	IN	189366
Sambhal	IN	196109
Sambizanga	AO	177808
Sambrial	PK	119571
Saminaka	NG	500000
Sampit	ID	166773
Samsun	TR	394050
Samut Prakan	TH	388920
San	ML	103227
San Bernardo	CL	249858
San Blas-Canillejas	ES	157367
San Carlos	VE	120375
San Carlos del Zulia	VE	126353
San Cristobal	VE	289852
San Cristobal	DO	154040
San Cristobal de las Casas	MX	215874
San Felipe	VE	206270
San Fernando	PH	251248
San Fernando de Apure	VE	229197
San Francisco De Borja	PE	105076
San Francisco de Macoris	DO	124763
San Jose	CR	335007
San Jose	PH	143495
San Jose del Cabo	MX	136285
San Jose del Monte	PH	357828
San Juan	PR	418140
San Juan	PH	134312
San Juan	AR	109123
San Juan Sacatepequez	GT	136886
San Juan de los Morros	VE	160868
San Juan del Rio	MX	138878
San Justo	AR	105274
San Lorenzo	PY	227876
San Luis	AR	169947
San Luis Potosi	MX	722772
San Luis Rio Colorado	MX	176685
San Martin	PE	130000
San Martin Texmelucan de Labastida	MX	155738
San Mateo	PH	134327
San Miguel	SV	247126
San Miguel	AR	168762
San Miguel de Allende	MX	174615
San Miguel de Tucuman	AR	548866
San Miguel del Padron	CU	159273
San Miguelito	PA	321501
San Nicolas de los Arroyos	AR	134217
San Nicolas de los Garza	MX	412199
San Pablo	PH	300166
San Pablo de las Salinas	MX	156191
San Pedro	PH	348968
San Pedro Garza Garcia	MX	132128
San Pedro Sula	HN	801259
San Pedro de Macoris	DO	217899
San Pedro de la Paz	CL	121631
San Rafael	AR	118009
San Salvador	SV	525990
San Salvador de Jujuy	AR	257970
San Sebastian	ES	185357
San Tung Chung Hang	HK	116000
San-Pedro	CI	390654
Sanaa	YE	1937451
Sanandaj	IR	349176
Sancaktepe	TR	489848
Sancti Spiritus	CU	127069
Sandacho	JP	132858
Sandakan	MY	439050
Sangju	KR	101267
Sangla Hill	PK	103709
Sangli	IN	601214
Sanhe	CN	965075
Sanhe	CN	140954
Sanliurfa	TR	449549
Sanmenxia	CN	669307
Sanming	CN	602166
Sano	JP	117669
Sanshui	CN	153714
Sant Andreu	ES	142598
Sant Marti	ES	235719
Santa Ana	SV	176661
Santa Anita - Los Ficus	PE	184614
Santa Barbara d'Oeste	BR	189456
Santa Catarina	MX	304052
Santa Clara	CU	250512
Santa Coloma de Gramenet	ES	118821
Santa Cruz	PH	126735
Santa Cruz	PH	108145
Santa Cruz de Tenerife	ES	211359
Santa Cruz de la Sierra	BO	1831434
Santa Cruz do Capibaribe	BR	104854
Santa Cruz do Sul	BR	138270
Santa Fe	AR	391164
Santa Lucia Cotzumalguapa	GT	112780
Santa Luzia	BR	219132
Santa Maria	BR	271735
Santa Maria	BR	116622
Santa Marta	CO	499192
Santa Rita	BR	149910
Santa Rosa	PH	216650
Santa Rosa	AR	102860
Santa Tecla	SV	124694
Santa Teresa del Tuy	VE	278890
Santana	BR	118803
Santana	BR	115689
Santana de Parnaiba	BR	163787
Santander	ES	173635
Santarem	BR	360871
Santiago	CL	4837295
Santiago	PH	108414
Santiago de Cuba	CU	555865
Santiago de Queretaro	MX	1594212
Santiago de Surco	PE	251648
Santiago de los Caballeros	DO	1200000
Santiago del Estero	AR	252192
Santo Andre	BR	662373
Santo Antonio	CN	129800
Santo Antonio de Jesus	BR	109791
Santo Domingo	DO	2201941
Santo Domingo Este	DO	700000
Santo Domingo Oeste	DO	701269
Santo Domingo de los Colorados	EC	458580
Santol	PH	298976
Santos	BR	418608
Sants-Montjuic	ES	183120
Sanxia	TW	115185
Sanya	CN	1031396
Sao Bernardo do Campo	BR	840499
Sao Caetano do Sul	BR	172693
Sao Carlos	BR	266427
Sao Cristovao	BR	101213
Sao Felix do Xingu	BR	132138
Sao Goncalo	BR	285439
Sao Goncalo do Amarante	BR	115838
Sao Joao de Meriti	BR	466536
Sao Jose	BR	295658
Sao Jose	BR	200000
Sao Jose de Ribamar	BR	259164
Sao Jose do Rio Preto	BR	480393
Sao Jose dos Campos	BR	727078
Sao Jose dos Pinhais	BR	349880
Sao Leopoldo	BR	209229
Sao Lourenco da Mata	BR	118258
Sao Lucas	BR	138038
Sao Luis	BR	917237
Sao Mateus	BR	155682
Sao Mateus	BR	134423
Sao Paulo	BR	12400232
Sao Pedro da Aldeia	BR	110677
Sao Rafael	BR	148145
Sao Vicente	BR	338326
Sapele	NG	305000
Sapopemba	BR	266715
Sapporo	JP	1973832
Sapucaia do Sul	BR	132107
Saqqez	IR	165258
Sarajevo	BA	696731
Sarandi	BR	118455
Saransk	RU	318841
Saratov	RU	844858
Sargodha	PK	975886
Sarh	TD	138928
Sari	IR	255396
Sariwon-si	KP	310100
Sarria-Sant Gervasi	ES	147912
Sasaram	IN	147408
Sasebo	JP	243223
Saskatoon	CA	266141
Sasolburg	ZA	135828
Satara	IN	120195
Satkhira	BD	128918
Satna	IN	282977
Satu Mare	RO	112490
Saugor	IN	274556
Saurimo	AO	393000
Savannakhet	LA	125760
Savar	BD	286008
Saveh	IR	220762
Sawai Madhopur	IN	121106
Sawangan	ID	197170
Sayama	JP	160843
Schaerbeek	BE	132761
Schoeneberg	DE	122658
Sebeta	ET	102300
Sector 1	RO	225453
Sector 2	RO	290507
Sector 3	RO	385439
Sector 4	RO	287828
Sector 5	RO	271575
Sector 6	RO	367760
Secunderabad	IN	204182
Seeb	OM	470878
Segou	ML	205787
Seguela	CI	103980
Sehore	IN	109118
Sejong	KR	394630
Sekondi	GH	285506
Sekondi-Takoradi	GH	138872
Selayang Baru Utara	MY	542409
Semarang	ID	1694740
Sembawang Estate	SG	110090
Semey	KZ	292780
Semnan	IR	124826
Senador Canedo	BR	175042
Sendai	JP	1096704
Sengerema	TZ	110000
Sengkang New Town	SG	267600
Sennar	SD	130122
Sentul	MY	100000
Seogwipo	KR	178552
Seongnam-si	KR	914832
Seoni	IN	102343
Seoul	KR	10349312
Sepang	MY	212050
Sepatan	ID	118439
Serang	ID	735651
Serangoon	SG	116900
Serangoon New Town	SG	116900
Serekunda	GM	340000
Seremban	MY	372917
Sergeli	UZ	105700
Sergiyev Posad	RU	109252
Seri Kembangan	MY	130252
Seri Manjung	MY	100000
Serilingampalle	IN	150525
Serpukhov	RU	128158
Serra	BR	520653
Sertaozinho	BR	126887
Set Ka Lay	MM	111514
Setagaya	JP	940071
Setapak	MY	353268
Sete Lagoas	BR	238909
Setia Alam	MY	150000
Setif	DZ	252127
Seto	JP	127792
Settat	MA	155333
Setubal	PT	118166
Sevastopol	UA	547820
Severnyy	RU	200000
Severodvinsk	RU	194292
Seversk	RU	109844
Sevilla	ES	686741
Sfax	TN	280566
Sha Tin	HK	495200
Shabqadar	PK	102340
Shache	CN	128145
Shagamu	NG	214558
Shah Alam	MY	740750
Shahdad Kot	PK	120687
Shahdadpur	PK	113342
Shahecheng	CN	125132
Shahin Shahr	IR	173329
Shahjanpur	IN	320434
Shahkot	PK	244868
Shahr-e Kord	IR	129153
Shahr-e Sadra	IR	122226
Shahrak-e Pardisan	IR	100000
Shahre Jadide Andisheh	IR	116062
Shahreza	IR	134952
Shahriar	IR	309607
Shahrisabz	UZ	142700
Shahrud	IR	165000
Shahuwadi	IN	180322
Shahzadpur	BD	102420
Shajing	CN	127089
Shakargarh	PK	126742
Shakhty	RU	221312
Sham Shui Po	HK	431090
Shanghai	CN	24874500
Shangluo	CN	531696
Shangqiu	CN	1859723
Shangrao	CN	1116486
Shangri-La	CN	186400
Shangyu	CN	839747
Shangzhi	CN	131006
Shanhaiguan	CN	140000
Shantipur	IN	149983
Shantou	CN	3838900
Shanwei	CN	491766
Shaoguan	CN	1028460
Shaoshan	CN	118000
Shaowu	CN	112585
Shaoxing	CN	2300000
Shaoyang	CN	753194
Shaping	CN	107589
Sharjah	AE	1800000
Shashamane	ET	208400
Shchukino	RU	102000
Shchyolkovo	RU	113000
Sheffield	GB	556500
Shekhupura	PK	591424
Shengavit	AM	140600
Shenglilu	CN	134218
Shenyang	CN	9070093
Shenzhen	CN	17494398
Sherbrooke	CA	129447
Sherpur	BD	107419
Shevchenkivskyi	UA	220660
Shevchenkivskyi	UA	220077
Shevchenko	UA	147600
Shibganj	BD	378701
Shibin al Kawm	EG	267945
Shibuya	JP	230609
Shihezi	CN	572772
Shijiazhuang	CN	5758403
Shijie	CN	246960
Shikarpur	PK	204938
Shillong	IN	143229
Shilong	CN	109733
Shimla	IN	173503
Shimonoseki	JP	265684
Shimotoda	JP	140899
Shinagawa	JP	422488
Shinjuku	JP	349385
Shinyanga	TZ	139727
Shiqi	CN	257472
Shiqiao	CN	135308
Shiraz	IR	1249942
Shivaji Nagar	IN	1000000
Shivamogga	IN	322650
Shivpuri	IN	179977
Shiyan	CN	3460000
Shizuishan	CN	739400
Shizuoka	JP	693389
Sholapur	IN	997281
Shomolu	NG	154390
Shouguang	CN	473620
Shrirampur	IN	226317
Shuangcheng	CN	130710
Shuanglonghu	CN	128563
Shuangyashan	CN	600000
Shubra al Khaymah	EG	1240289
Shuifu	CN	102143
Shuizhai	CN	140493
Shujaabad	PK	151115
Shulin	TW	180044
Shunan	JP	149632
Shunyi	CN	117623
Shuozhou	CN	433700
Shushtar	IR	101878
Shyamnagar	IN	441956
Shymkent	KZ	1200000
Si Maha Phot	TH	100563
Si Racha	TH	178916
Sialkot	PK	911817
Sibiu	RO	134309
Sibu	MY	198239
Sidi Bel Abbes	DZ	210146
Sidi Husayn	TN	130255
Sidi Slimane	MA	101541
Sidoarjo	ID	139189
Sidon	LB	163554
Siegen	DE	107242
Siem Reap	KH	139458
Siguatepeque	HN	127468
Siguiri	GN	148018
Siheungdong	KR	128142
Siirt	TR	114034
Sikar	IN	244497
Sikasso	ML	349324
Silang	PH	119475
Silchar	IN	178865
Silifke	TR	132665
Siliguri	IN	515574
Silopi	TR	114645
Simele	IQ	152512
Simferopol	UA	336460
Simmering	AT	101420
Simoes Filho	BR	114559
Sinah	IQ	128776
Sincelejo	CO	277773
Sinch'on-up	KP	141407
Sinfra	CI	245226
Singa	SD	250000
Singapore	SG	5638700
Singaraja	ID	133784
Singida	TZ	232459
Singkawang	ID	253812
Singosari	ID	182656
Singrauli	IN	220257
Sinjhoro	PK	354709
Sinnuris	EG	133532
Sino-Singapore Tianjin Eco-city	CN	100000
Sinop	BR	223780
Sinp'o	KP	152759
Sinuiju	KP	288112
Siping	CN	627957
Siracusa	IT	121605
Sirajganj	BD	127481
Sirjan	IR	199704
Sirsa	IN	182534
Sirte	LY	106705
Sishui	CN	552300
Sisli	TR	314684
Sitapur	IN	164435
Sitiawan	MY	156234
Sittwe	MM	177743
Situbondo	ID	685967
Sivakasi	IN	234704
Sivas	TR	264022
Siverek	TR	175341
Siwan	IN	135066
Skardu	PK	260000
Skhidni Kvartaly	UA	102500
Skikda	DZ	182903
Skopje	MK	474889
Skudai	MY	159733
Slobidskyi	UA	146850
Slough	GB	164793
Slovyansk	UA	105141
Smolensk	RU	330025
Smolyanskyi	UA	116779
Soacha	CO	655025
Sobral	BR	216519
Soc Trang	VN	221430
Sochi	RU	327608
Sodo	ET	204100
Soedermalm	SE	127323
Sofia	BG	1152556
Sogamoso	CO	111336
Sohag	EG	266944
Sohar	OM	108274
Soka	JP	249645
Sokode	TG	117811
Sokoto	NG	1040000
Soledad	CO	342556
Soledad de Graciano Sanchez	MX	332072
Solihull	GB	126577
Solikamsk	RU	100812
Solingen	DE	164359
Sollentuna	SE	139606
Solntsevo	RU	120000
Solwezi	ZM	301370
Somaroboro	ZA	114369
Somerset West	ZA	225289
Son La	VN	106052
Son Tay	VN	230577
Sonargaon	BD	130000
Songcheng	CN	165730
Songea	TZ	286285
Songjiang	CN	1973500
Songnan	CN	127347
Songnim-ni	KP	152425
Songyuan	CN	113611
Sonipat	IN	289333
Soreang	ID	116780
Sorocaba	BR	762172
Sorong	ID	219958
Sorriso	BR	124665
Sorsogon	PH	187670
Soshanguve	ZA	872309
Sosnowiec	PL	227295
Soubre	CI	131181
Souk Ahras	DZ	153479
Sousse	TN	221715
South Dublin	IE	301075
South Tangerang	ID	1429529
Southampton	GB	269781
Southend-on-Sea	GB	295310
Soweto	ZA	1695047
Soyapango	SV	329708
Soyibug	IN	104000
Soyo	AO	221555
Spanish Town	JM	145018
Split	HR	149830
Springs	ZA	186394
Sri Ganganagar	IN	237780
Sri Jayewardenepura Kotte	LK	115826
Srikakulam	IN	137944
Srinagar	IN	1206419
St Helens	GB	183200
St. Catharines	CA	136803
St. John's	CA	110525
Standerton	ZA	101101
Stara Zagora	BG	121582
Staryy Oskol	RU	226977
Stavanger	NO	151669
Stavropol	RU	433931
Sterlitamak	RU	267231
Stockholm	SE	1515017
Stockport	GB	139052
Stoke-on-Trent	GB	258366
Strasbourg	FR	274845
Strogino	RU	152000
Stuttgart	DE	612663
Suan Luang	TH	115658
Subang	ID	137234
Subang Jaya	MY	708296
Subotica	RS	100000
Subulussalam	ID	105553
Sucre	BO	224838
Suez	EG	699541
Suginami	JP	588354
Suicheng	CN	256665
Suifenhe	CN	100000
Suihua	CN	252245
Suining	CN	656760
Suita	JP	385567
Suizhou	CN	618582
Sujangarh	IN	183808
Sujiatun	CN	148113
Sukabumi	ID	365735
Sukawati	ID	125470
Sukkur	PK	563851
Sukrah	TN	159862
Sulaymaniyah	IQ	878146
Suleja	NG	162135
Sullana	PE	160789
Sultan Kudarat	PH	124965
Sultan Pur Majra	IN	181554
Sultanah	SA	946697
Sultanbeyli	TR	358201
Sultangazi	TR	436935
Sultanpur	IN	110368
Sumare	BR	279545
Sumayl	IQ	152512
Sumbawanga	TZ	303986
Sumbe	AO	205832
Sumedang	ID	200000
Sumedang Utara	ID	100000
Sumgayit	AZ	427000
Sumida	JP	287766
Sumy	UA	256474
Sunch'on	KP	437000
Suncheon	KR	276375
Sunderland	GB	170134
Sungai Buloh	MY	222858
Sungai Penuh	ID	102224
Sungai Petani	MY	544851
Sungailiat	ID	100750
Sunggal	ID	157914
Sunshine Coast	AU	398840
Suqian	CN	1437685
Surabaya	ID	3018022
Surakarta	ID	526870
Surat	IN	4591246
Surat Thani	TH	132040
Surendranagar	IN	179628
Surgut	RU	300367
Suriapet	IN	111729
Surrey	CA	568322
Suruc	TR	101178
Surulere	NG	191920
Sutton	GB	187600
Sutton Coldfield	GB	109899
Suwaylih	JO	151016
Suwon	KR	1234582
Suzano	BR	320261
Suzhou	CN	6715559
Suzhou	CN	1647642
Suzuka	JP	195670
Swansea	GB	300352
Swindon	GB	201669
Sydney	AU	5638830
Sydney	CA	105968
Sykhiv	UA	151131
Syktyvkar	RU	245083
Sylhet	BD	237000
Syzran	RU	189338
Szczecin	PL	395513
Szeged	HU	160766
Szekesfehervar	HU	101600
Ta'if	SA	688693
Taboao da Serra	BR	273542
Tabora	TZ	308741
Tabriz	IR	1424641
Tabuk	SA	667000
Tabuk	PH	122771
Tabuk	PH	122771
Tacheng	CN	161037
Tachikawa	JP	183581
Tacloban	PH	259353
Tacna	PE	286240
Tacurong	PH	116945
Tadepalligudem	IN	112655
Tadpatri	IN	108171
Taganrog	RU	279056
Taganskiy	RU	116000
Taguatinga	BR	193367
Taguig	PH	1308085
Tahoua	NE	159468
Tahta	EG	134314
Tai Po	HK	274100
Tai'an	CN	1735425
Taibai	CN	108387
Taicang	CN	831113
Taichung	TW	2850285
Tainan	TW	1856642
Taipa	MO	112051
Taipei	TW	7871900
Taiping	MY	217647
Taishan	CN	145440
Taito	JP	211444
Taitung	TW	103260
Taiyuan	CN	5305061
Taiz	YE	940600
Taizhou	CN	1607108
Taizhou	CN	1485502
Tajimi	JP	107818
Tajura'	LY	100000
Takamatsu	JP	418994
Takaoka	JP	170077
Takarazuka	JP	226432
Takasaki	JP	372973
Takatsuki	JP	354468
Takeo	KH	843931
Takoradi	GH	389114
Talatona	AO	500000
Talca	CL	197479
Talcahuano	CL	150499
Taldykorgan	KZ	116558
Talhar	PK	200014
Taling Chan	TH	105299
Talisay	PH	133148
Talisay	PH	109204
Talkha	EG	112851
Tallinn	EE	394024
Tam Ky	VN	165240
Tama	JP	148285
Tamale	GH	464316
Taman Petaling	MY	423062
Tambacounda	SN	149071
Tambaram	IN	174787
Tambov	RU	293661
Tampere	FI	260646
Tampico	MX	309003
Tampines Estate	SG	265340
Tampines New Town	SG	259900
Tan An	VN	215250
Tan Chau	VN	175211
Tandil	AR	115877
Tando Adam	PK	174291
Tando Allahyar	PK	421923
Tando Bago	PK	426535
Tando Muhammad Khan	PK	114406
Tanga	TZ	393429
Tangail	BD	180144
Tangara da Serra	BR	114603
Tangerang	ID	1927815
Tanggu	CN	535298
Tanghe	CN	278055
Tangier	MA	1035141
Tangshan	CN	3372102
Tanjung Pandan	ID	103062
Tanjung Pinang	ID	227663
Tanjungbalai	ID	190935
Tanta	EG	576648
Tantou	CN	320304
Tanza	PH	105510
Tanzhou	CN	382445
Taonan	CN	112819
Taourirt	MA	112908
Taoyuan	TW	475798
Taozhou	CN	146610
Tapachula	MX	353706
Tarakan	ID	255310
Taranto	IT	198585
Taraz	KZ	358153
Targowek	PL	124279
Targu Mures	RO	212752
Tariba	VE	138402
Tarija	BO	159269
Tarime	TZ	133043
Tarlac City	PH	401892
Tarnow	PL	117799
Tarragona	ES	141542
Tarsus	TR	350732
Tartus	SY	458327
Tasek Glugor	MY	135786
Tashkent	UZ	1978028
Tasikmalaya	ID	770839
Tatui	BR	129130
Taubate	BR	322397
Taunggyi	MM	160115
Taungoo	MM	106945
Taunsa	PK	115704
Tauranga	NZ	161000
Tawau	MY	372615
Tay Ho	VN	168300
Tay Ninh	VN	135254
Tayabas	PH	115318
Taytay	PH	231460
Taza	MA	162110
Tbilisi	GE	1049498
Tebessa	DZ	194461
Tebingtinggi	ID	117530
Tegal	ID	297173
Tegucigalpa	HN	850848
Tehran	IR	7153309
Tehuacan	MX	248716
Teixeira de Freitas	BR	145216
Tekirdag	TR	122287
Tekstil'shchiki	RU	100000
Tel Aviv	IL	432892
Telde	ES	123265
Telford	GB	155570
Teluk Intan	MY	232800
Teluknaga	ID	175155
Tema	GH	155782
Temara	MA	342345
Temirtau	KZ	170600
Temuco	CL	238129
Tengyue	CN	127133
Teni	IN	1034724
Teofilo Otoni	BR	142851
Tepexpan	MX	102667
Tepic	MX	332863
Teresina	BR	871126
Teresopolis	BR	176735
Ternate	ID	210836
Terni	IT	111189
Ternopil	UA	225238
Terrassa	ES	218535
Terrebonne	CA	111575
Teshi Old Town	GH	144013
Tete	MZ	357000
Tetouan	MA	415810
Tetuan de las Victorias	ES	155000
Texcoco de Mora	MX	105165
Teziutlan	MX	103583
Thai Nguyen	VN	420000
Thandwe	MM	133484
Thane	IN	1841488
Thanesar	IN	155152
Thanh Hoa	VN	850000
Thanh Khe	VN	201240
Thanh Pho Ba Ria	VN	235192
Thanh Xuan	VN	293292
Thanh pho Song Cong	VN	128357
Thanjavur	IN	291067
Thaton	MM	123727
The Hague	NL	474292
Thembisa	ZA	511655
Thenali	IN	164937
Thessaloniki	GR	317778
Thi Tran GJai Tu	VN	179192
Thi Tran GJong Trieu	VN	248896
Thi Tran Thuan Chau	VN	153000
Thies	SN	317763
Thies Nones	SN	252320
Thika	KE	251407
Thiruvananthapuram	IN	788271
Thohoyandou	ZA	107144
Thoi Lai	VN	109684
Thon Buri	TH	119708
Thoothukudi	IN	410760
Thornhill	CA	115292
Thot Not	VN	158225
Thrissur	IN	315957
Thu Dau Mot	VN	373105
Thu GJuc	VN	524670
Thuan An	VN	588616
Thuan Thanh	VN	199577
Thunder Bay	CA	108843
Thung Khru	TH	116473
Thuqbah	SA	248888
Tianfu	CN	115370
Tianjin	CN	13866009
Tianshui	CN	1212791
Tiaret	DZ	178915
Tiebo	SN	100289
Tieli	CN	107621
Tieling	CN	459985
Tigwav	HT	117504
Tijuana	MX	1922523
Tilburg	NL	221947
Tima	EG	101130
Timika	ID	142909
Timisoara	RO	250849
Timon	BR	174465
Tin Shui Wai	HK	286232
Tinaquillo	VE	115937
Tinh Bien	VN	143098
Tinsukia	IN	116322
Tirana	AL	418495
Tiraspol	MD	157000
Tirmiz	UZ	182800
Tiruchirappalli	IN	1022518
Tirunelveli	IN	1435844
Tirupati	IN	295323
Tiruppur	IN	963173
Tiruvannamalai	IN	145278
Tiruvottiyur	IN	249446
Titagarh	IN	127751
Titiwangsa	MY	122096
Tivaouane	SN	102658
Tizi Ouzou	DZ	104312
Tlahuac	MX	305076
Tlalnepantla	MX	653410
Tlalpan	MX	574577
Tlaquepaque	MX	650123
Tlemcen	DZ	173531
Toa Payoh New Town	SG	120650
Toamasina	MG	345107
Toba Tek Singh	PK	123102
Tobolsk	RU	113800
Tobruk	LY	141499
Tochigi	JP	159056
Tocoa	HN	111972
Tokai	JP	113787
Tokat	TR	129702
Tokch'on	KP	237133
Tokorozawa	JP	344194
Tokoza	ZA	106000
Tokushima	JP	267345
Tokuyama	JP	101133
Tokyo	JP	9733276
Toledo	PH	206692
Toledo	BR	160701
Toli-Toli	ID	242783
Toliara	MG	178725
Toluca	MX	489333
Tolyatti	RU	702879
Tomakomai	JP	174806
Tomsk	RU	574002
Tonala	MX	408759
Tondabayashicho	JP	132873
Tongchuan	CN	417740
Tongchuanshi	CN	223603
Tonghua	CN	510000
Tongliao	CN	261110
Tongling	CN	402062
Tongren	CN	103700
Tongshan	CN	329661
Tongzhou	CN	163326
Tonk	IN	165294
Toowoomba	AU	142163
Torbat-e Heydariyeh	IR	140019
Tordher	PK	150000
Toride	JP	104524
Toronto	CA	2794356
Torrejon de Ardoz	ES	118162
Torreon	MX	735340
Torun	PL	196935
Toshima	JP	301599
Totonicapan	GT	103952
Tottenham	GB	130000
Tottori-shi	JP	188465
Touba	SN	1120824
Toufen	TW	106310
Touggourt	DZ	143270
Toulon	FR	168701
Toulouse	FR	511684
Tours	FR	141621
Townsville	AU	201313
Toyama	JP	415844
Toyohashi	JP	377453
Toyokawa	JP	184661
Toyonaka	JP	401558
Toyota	JP	426162
Tra Vinh	VN	160310
Trabzon	TR	244083
Trang Bang	VN	161831
Trento	IT	120709
Tres Lagoas	BR	143523
Trier	DE	100129
Trieste	IT	204338
Trincomalee	LK	108420
Trindade	BR	142431
Tripoli	LY	1302947
Tripoli	LB	229398
Trois-Rivieres	CA	144472
Trondheim	NO	216518
Troparevo	RU	118000
Trujillo	PE	1067700
Tsaritsyno	RU	123000
Tsentralno-Miskyi	UA	118283
Tsentralnyi	UA	179582
Tseung Kwan O	HK	412900
Tshikapa	CD	634529
Tshilenge	CD	116073
Tsing Yi Town	HK	182100
Tsu	JP	274537
Tsuchiura	JP	144399
Tsuen Wan	HK	318916
Tsukuba	JP	241656
Tsuruoka	JP	125389
Tsuyama	JP	102294
Tubarao	BR	116725
Tucurui	BR	115144
Tuen Mun	HK	507900
Tuerkmenabat	TM	230861
Tuguegarao	PH	167297
Tula	RU	482873
Tulancingo	MX	102406
Tulua	CO	221684
Tumkur	IN	307359
Tumxuk	CN	135727
Tunduma	TZ	219309
Tung Chung	HK	114100
Tungi	BD	337579
Tungipara	BD	114482
Tunis	TN	693210
Tunja	CO	172548
Tuong Mai	VN	136292
Turgutlu	TR	103292
Turhal	TR	110884
Turin	IT	847287
Turkistan	KZ	227098
Turku	FI	206655
Turmero	VE	344700
Turpan	CN	273385
Tuxtepec	MX	159452
Tuxtla	MX	604147
Tuy Hoa	VN	155921
Tuyen Quang	VN	104645
Tuz Khurmatu	IQ	120712
Tuzla	BA	142486
Tver	RU	420065
Twifu Praso	GH	100851
Tychy	PL	130000
Tyoply Stan	RU	125000
Tyre	LB	135204
Tyumen	RU	768358
UEruemqi	CN	4054000
UEskuedar	TR	524452
Uba	BR	107423
Ube	JP	173733
Uberaba	BR	356781
Uberlandia	BR	754954
Ubon Ratchathani	TH	122533
Udaipur	IN	451100
Udgir	IN	103550
Udine	IT	100170
Udon Thani	TH	130531
Udupi	IN	165000
Ueda	JP	157480
Ufa	RU	1120547
Ugep	NG	200276
Uige	AO	322531
Uijeongbu-si	KR	479141
Uji	JP	192925
Ujjain	IN	515215
Ujpest	HU	100694
Ukhta	RU	102187
Ulan Bator	MN	844818
Ulan-Ude	RU	360278
Ulanhot	CN	265600
Ulanqab	CN	550231
Ulhasnagar	IN	516584
Ullyul	KP	107997
Ulm	DE	120451
Ulsan	KR	1098421
Ulu Bedok	SG	276990
Uluberiya	IN	235345
Ulyanovsk	RU	626540
Umarkot	PK	144558
Umea	SE	130224
Umm Qasr	IQ	107620
Umraniye	TR	573265
Umuahia	NG	370000
Umuarama	BR	123059
Unaizah	SA	183319
Ungaran	ID	171378
Unnao	IN	161671
Upata	VE	112617
Uppal Kalan	IN	118259
Uppsala	SE	177074
Urasoe	JP	115690
Urayasu	JP	171362
Urdaneta	PH	145935
Urganch	UZ	145000
Uromi	NG	108608
Ursynow	PL	149775
Uruapan	MX	299523
Uruguaiana	BR	120819
Uruma	JP	125303
Usak	TR	369433
Usera	ES	141189
Ussuriysk	RU	157068
Ust'-Ilimsk	RU	100271
Ust-Kamenogorsk	KZ	319067
Utrecht	NL	376435
Utsunomiya	JP	518757
Uvira	CD	407092
Uyo	NG	436606
Uzhhorod	UA	115449
Vacoas	MU	115289
Vadodara	IN	1822221
Vaesteras	SE	127799
Valdivia	CL	133419
Valencia	VE	1619470
Valencia	ES	824340
Valenzuela	PH	725173
Valera	VE	244708
Valinhos	BR	132258
Valladolid	ES	300618
Valle de La Pascua	VE	153136
Valledupar	CO	490075
Valparaiso	CL	282448
Valparaiso de Goias	BR	218416
Valsad	IN	139764
Van	TR	525016
Vancouver	CA	662248
Vanderbijlpark	ZA	246754
Vantaa	FI	252724
Vapi	IN	163630
Varamin	IR	225628
Varanasi	IN	1164404
Varginha	BR	136467
Varna	BG	318737
Varzea Grande	BR	300078
Varzea Paulista	BR	115771
Vasco da Gama	IN	100485
Vasyl'evsky Ostrov	RU	203058
Vaughan	CA	323103
Vedado	CU	108369
Vejalpur	IN	121610
Velikiy Novgorod	RU	222868
Velikiye Luki	RU	103149
Vellore	IN	484690
Venlo	NL	101988
Venustiano Carranza	MX	430978
Veracruz	MX	428323
Veraval	IN	171121
Vereeniging	ZA	474681
Verhunskyi	UA	185593
Verona	IT	258031
Veshnyaki	RU	122000
Vespasiano	BR	138583
Viamao	BR	231996
Viana	AO	865863
Vicenza	IT	111980
Victoria	HK	956800
Victoria	CA	289625
Victoria de Durango	MX	518709
Vidisha	IN	155951
Vienna	AT	1691468
Vientiane	LA	840940
Viet Tri	VN	415280
Viet Yen	VN	205900
Vigo	ES	293642
Vihari	PK	112840
Vijayapura	IN	327427
Vijayawada	IN	1143232
Vila Andrade	BR	168669
Vila Curuca	BR	140673
Vila Flor	AO	256066
Vila Jacui	BR	134189
Vila Maria	BR	108543
Vila Mariana	BR	127286
Vila Matilde	BR	103558
Vila Medeiros	BR	114839
Vila Prudente	BR	105590
Vila Velha	BR	394930
Vilhena	BR	109651
Vilkhivskyi	UA	126340
Villa Canales	GT	155423
Villa Lugano	AR	114000
Villa Mercedes	CL	131936
Villa Nueva	GT	618397
Villahermosa	MX	353577
Villaverde	ES	126802
Villavicencio	CO	321717
Ville-Marie	CA	104944
Villeray-Saint-Michel-Parc-Extension	CA	144814
Villeurbanne	FR	131445
Vilnius	LT	542366
Vina del Mar	CL	334248
Vinh	VN	790000
Vinh Chau	VN	183918
Vinh Long	VN	137870
Vinh Yen	VN	119128
Vinnytsya	UA	430091
Viransehir	TR	154163
Virar	IN	1222390
Virginia	ZA	122502
Visakhapatnam	IN	1063178
Viseu	PT	103502
Vitebsk	BY	358927
Vitoria	BR	312656
Vitoria da Conquista	BR	396613
Vitoria de Santo Antao	BR	134084
Vizianagaram	IN	228720
Vladikavkaz	RU	306258
Vladimir	RU	357024
Vladivostok	RU	604901
Vlore	AL	115261
Volgodonsk	RU	167731
Volgograd	RU	1013533
Vologda	RU	312420
Volta Redonda	BR	279971
Volzhsky	RU	323293
Voronezh	RU	1047549
Votorantim	BR	133510
Votuporanga	BR	100568
Vryheid	ZA	150012
Vung Tau	VN	464860
Vyhurivshchyna-Troyeshchyna	UA	240000
Vykhino-Zhulebino	RU	216000
Wad Medani	SD	332714
Wadi as Sir	JO	181212
Wafangdian	CN	454338
Wah Cantt	PK	400733
Wakayama	JP	356729
Wakefield	GB	109766
Walbrzych	PL	127431
Walsall	GB	172141
Walthamstow	GB	109424
Wan Chai	HK	166695
Wandsbek	DE	411422
Wang Thonglang	TH	114768
Wangsa Maju	MY	215600
Wanning	CN	545992
Wansheng	CN	113751
Wanxian	CN	859662
Wanzhou	CN	1545900
Warangal	IN	704570
Warder	ET	450400
Wardha	IN	113759
Warisan	AE	108759
Warri	NG	910000
Warrington	GB	172330
Warsaw	PL	1702139
Watampone	ID	149336
Waterloo	CA	104986
Watford	GB	125707
Watthana	TH	171150
Wau	SS	127384
Wayaobu	CN	113698
Wazirabad	PK	152624
Weifang	CN	9386705
Weihai	CN	844310
Weinan	CN	1199290
Weldiya	ET	104000
Welkom	ZA	431944
Wellington	NZ	381900
Wenchang	CN	560894
Wenshan City	CN	450000
Wenzhou	CN	2650000
Weru	ID	139004
West Bromwich	GB	103112
West Jerusalem	IL	400000
Westonaria	ZA	156831
Whalley	CA	102555
Whitby	CA	138501
Wiesbaden	DE	288850
Wigan	GB	175405
Willemstad	CW	125000
Wilmersdorf	DE	101877
Windhoek	NA	386219
Windsor	CA	229660
Winejok	SS	300000
Winnipeg	CA	749607
Winterthur	CH	111840
Wloclawek	PL	120339
Woking	GB	103900
Wola	PL	140958
Wolfsburg	DE	123064
Wollongong	AU	280153
Wolverhampton	GB	263700
Wong Tai Sin	HK	425235
Wonju	KR	332849
Wonsan	KP	329207
Woodlands	SG	254440
Worcester	ZA	127597
Worcester	GB	101659
Worthing	GB	113866
Wroclaw	PL	672545
Wuchang	CN	1102188
Wuchuan	CN	907354
Wuda	CN	122696
Wudan	CN	138695
Wuerzburg	DE	133731
Wugang	CN	132457
Wuhai	CN	218427
Wuhan	CN	13739000
Wuhu	CN	1598165
Wujiaqu	CN	154400
Wuppertal	DE	360797
Wushan	CN	117873
Wuwei	CN	1010295
Wuxi	CN	4396835
Wuxue	CN	220661
Wuyishan	CN	137133
Wuzhishan	CN	112269
Wuzhong	CN	7202654
Wuzhou	CN	761948
Xai-Xai	MZ	154356
Xalapa de Enriquez	MX	424755
Xebat	IQ	148047
Xi'an	CN	12952907
Xiamen	CN	4617251
Xiangcheng	CN	121959
Xiangtan	CN	959303
Xiangxiang	CN	235000
Xiangyang	CN	1294733
Xianning	CN	512517
Xiantao	CN	239406
Xianyang	CN	1034081
Xiaogan	CN	908266
Xiayang	CN	137321
Xiazhen	CN	125667
Xichang	CN	481796
Xico	MX	384327
Xigang	CN	112061
Xilin Hot	CN	213000
Xilinhot	CN	349953
Xincheng	CN	102752
Xindi	CN	175761
Xinghua	CN	105918
Xingning	CN	274499
Xingtai	CN	798770
Xingyi	CN	322890
Xining	CN	2467965
Xinji	CN	145911
Xinmin	CN	565634
Xinqiao	CN	155856
Xintai	CN	222459
Xinxiang	CN	1047088
Xinyang	CN	1416800
Xinyi	CN	1014577
Xinyi	CN	300511
Xinyu	CN	839488
Xinyuan	CN	282718
Xinzhai	CN	100168
Xinzhou	CN	544683
Xiulin	CN	240082
Xiuying	CN	290000
Xiva	UZ	115000
Xizhi	TW	204619
Xochimilco	MX	442178
Xuan Loc	VN	253140
Xuancheng	CN	774332
Xuanhua	CN	373422
Xuchang	CN	1265536
Xuhui	CN	1109800
Xunchang	CN	118664
Xuyong	CN	108352
Xuzhou	CN	1253991
Ya'an	CN	612056
Yachiyo	JP	199498
Yaizu	JP	139578
Yakeshi	CN	116284
Yakutsk	RU	235600
Yamagata	JP	248772
Yamaguchi	JP	193966
Yamato	JP	242065
Yamoussoukro	CI	275686
Yamuna Nagar	IN	217071
Yan'an	CN	475234
Yanbu	SA	200161
Yancheng	CN	1615717
Yangcheng	CN	186242
Yangchun	CN	153547
Yanghang	CN	204564
Yangjiang	CN	1292987
Yangju	KR	179923
Yangon	MM	4477638
Yangpu	CN	1210800
Yangquan	CN	731228
Yangsan	KR	358074
Yangshuo	CN	300000
Yangzhou	CN	4559797
Yanji	CN	326957
Yanjia	CN	100000
Yantai	CN	7102100
Yanzhou	CN	375500
Yao	JP	273213
Yaounde	CM	1299369
Yaritagua	VE	113343
Yaroslavl	RU	608722
Yasenevo	RU	180000
Yautepec	MX	105780
Yavatmal	IN	128175
Yawnghwe	MM	188083
Yazd	IR	477905
Yei	SS	260720
Yekaterinburg	RU	1495066
Yelahanka	IN	116447
Yelets	RU	115688
Yen Bai	VN	100631
Yen Vinh	VN	107082
Yenagoa	NG	365000
Yenangyaung	MM	110553
Yeoju	KR	111897
Yeosu	KR	268823
Yerevan	AM	1144700
Yevlakh	AZ	127400
Yevpatoriya	UA	107040
Yezhou	CN	104839
Yibin	CN	836340
Yichang	CN	1350150
Yichun	CN	1045952
Yichun	CN	155762
Yidu	CN	105070
Yima	CN	147800
Yinchuan	CN	2859074
Yingkou	CN	591159
Yingtan	CN	214229
Yintai	CN	217509
Yishui	CN	1007100
Yishun New Town	SG	228730
Yiwu	CN	1481384
Yixing	CN	1285785
Yizhou	CN	155872
Yogyakarta	ID	375699
Yokkaichi	JP	305424
Yokohama	JP	3777491
Yokosuka	JP	409478
Yola	NG	460000
Yonago	JP	148720
Yong'an	CN	144314
Yongchuan	CN	192954
Yongji	CN	452000
Yongkang	TW	233730
Yongzhou	CN	1020715
Yono	JP	102364
Yopal	CO	168433
York	GB	156135
Yoshkar-Ola	RU	268272
Youkaichi	JP	112819
Yuanlin	TW	124725
Yuanping	CN	526000
Yuci	CN	235929
Yuen Long	HK	200000
Yuen Long Kau Hui	HK	169600
Yuen Long San Hui	HK	200000
Yuepu	CN	139328
Yueyang	CN	991465
Yulin	CN	1056743
Yuncheng	CN	680036
Yunfu	CN	2612800
Yunjinghong	CN	205523
Yunlong	CN	345393
Yunusobod	UZ	352000
Yushu	CN	141308
Yushu	CN	124736
Yuxi	CN	103829
Yuyao	CN	114177
Yuzhno-Sakhalinsk	RU	198973
Zaanstad	NL	140085
Zabol	IR	121989
Zabrze	PL	192177
Zacatecas	MX	129011
Zagazig	EG	430445
Zagreb	HR	663592
Zahedan	IR	551980
Zama	JP	132325
Zamboanga	PH	1018849
Zamora de Hidalgo	MX	186102
Zango	AO	198538
Zanjan	IR	357471
Zanzibar	TZ	709809
Zaoyang	CN	481004
Zaozhuang	CN	3855601
Zapopan	MX	1476491
Zaporizhzhya	UA	710052
Zaragoza	ES	686986
Zaria	NG	980000
Zarichnyi	UA	150694
Zarqa	JO	792665
Zawiya	LY	186123
Zefta	EG	111700
Zelenograd	RU	215727
Zemun	RS	155591
Zenica	BA	164423
Zeytinburnu	TR	280896
Zhabei	CN	840000
Zhalantun	CN	132224
Zhanaozen	KZ	103598
Zhangjiagang	CN	1432044
Zhangjiajie	CN	441804
Zhangjiakou	CN	692602
Zhangye	CN	507433
Zhangzhou	CN	589831
Zhanjiang	CN	1400709
Zhaodong	CN	154406
Zhaoqing	CN	1553109
Zhaotong	CN	787845
Zhaoyuan	CN	120000
Zhaozhou	CN	114009
Zheleznodorozhnyy	RU	141648
Zhengding	CN	193524
Zhengzhou	CN	6650532
Zhenjiang	CN	950516
Zhenping	CN	181528
Zhenzhou	CN	176006
Zhezqazghan	KZ	104357
Zhicheng	CN	159383
Zhijiang	CN	408487
Zhonghe	CN	105003
Zhongshan	CN	3841873
Zhongwei	CN	1174600
Zhongxiang	CN	439394
Zhoucun	CN	122402
Zhoukou	CN	505171
Zhoushan	CN	882932
Zhu Cheng City	CN	1000000
Zhuanghe	CN	742496
Zhubei	TW	212695
Zhucheng	CN	499285
Zhuhai	CN	2207090
Zhuji	CN	110721
Zhujing	CN	120084
Zhulebino	RU	150000
Zhumadian	CN	721670
Zhuzhou	CN	1129687
Zhytomyr	UA	261624
Zibo	CN	4704138
Zielona Gora	PL	118433
Zigong	CN	1262064
Ziguinchor	SN	214874
Zinder	NE	318874
Zipaquira	CO	130432
Zitong	CN	212819
Ziyang	CN	905729
Zlatoust	RU	191366
Zliten	LY	203790
Zoetermeer	NL	115845
Zomba	MW	118440
Zonguldak	TR	101749
Zoucheng	CN	1116692
Zuerich	CH	415367
Zuglo	HU	130000
Zumpango	MX	280455
Zunyi	CN	2037775
Zwolle	NL	129840
Zyablikovo	RU	129000
Zyuzino	RU	121000
eMbalenhle	ZA	142443
